Date,Weight (kg),Equally Favoured Casual Playing Games Played,Equally Favoured Casual Playing Games Won,Equally Favoured Practice Match Games Played,Equally Favoured Practice Match Games Won,Equally Favoured Tournament Match Games Played,Equally Favoured Tournament Match Games Won,Favoured Casual Playing Games Played,Favoured Casual Playing Games Won,Favoured Practice Match Games Played,Favoured Practice Match Games Won,Favoured Tournament Match Games Played,Favoured Tournament Match Games Won,Unfavoured Casual Playing Games Played,Unfavoured Casual Playing Games Won,Unfavoured Practice Match Games Played,Unfavoured Practice Match Games Won,Unfavoured Tournament Match Games Played,Unfavoured Tournament Match Games Won,Very Favoured Casual Playing Games Played,Very Favoured Casual Playing Games Won,Very Favoured Practice Match Games Played,Very Favoured Practice Match Games Won,Very Unfavoured Casual Playing Games Played,Very Unfavoured Casual Playing Games Won,Very Unfavoured Practice Match Games Played,Very Unfavoured Practice Match Games Won,Very Unfavoured Tournament Match Games Played,Very Unfavoured Tournament Match Games Won,Unpredictable Casual Playing Games Played,Unpredictable Casual Playing Games Won,Unpredictable Practice Match Games Played,Unpredictable Practice Match Games Won,Unpredictable Tournament Match Games Played,Unpredictable Tournament Match Games Won,Equally Favoured Casual Playing Duration (min),Equally Favoured Casual Playing Intensity (1-5),Equally Favoured Practice Match Duration (min),Equally Favoured Practice Match Intensity (1-5),Equally Favoured Tournament Match Duration (min),Equally Favoured Tournament Match Intensity (1-5),Favoured Casual Playing Duration (min),Favoured Casual Playing Intensity (1-5),Favoured Practice Match Duration (min),Favoured Practice Match Intensity (1-5),Favoured Tournament Match Duration (min),Favoured Tournament Match Intensity (1-5),Unfavoured Casual Playing Duration (min),Unfavoured Casual Playing Intensity (1-5),Unfavoured Practice Match Duration (min),Unfavoured Practice Match Intensity (1-5),Unfavoured Tournament Match Duration (min),Unfavoured Tournament Match Intensity (1-5),Very Favoured Casual Playing Duration (min),Very Favoured Casual Playing Intensity (1-5),Very Favoured Practice Match Duration (min),Very Favoured Practice Match Intensity (1-5),Very Unfavoured Casual Playing Duration (min),Very Unfavoured Casual Playing Intensity (1-5),Very Unfavoured Practice Match Duration (min),Very Unfavoured Practice Match Intensity (1-5),Very Unfavoured Tournament Match Duration (min),Very Unfavoured Tournament Match Intensity (1-5),Unpredictable Casual Playing Duration (min),Unpredictable Casual Playing Intensity (1-5),Unpredictable Practice Match Duration (min),Unpredictable Practice Match Intensity (1-5),Unpredictable Tournament Match Duration (min),Unpredictable Tournament Match Intensity (1-5),Bike Duration (min),Bike Intensity (1-5),Coached Session Duration (min),Coached Session Intensity (1-5),Full Body Duration (min),Full Body Intensity (1-5),Ghosting Duration (min),Ghosting Intensity (1-5),On Court Drills Duration (min),On Court Drills Intensity (1-5),Running Duration (min),Running Intensity (1-5)
2019-07-29,73,,,,,,,,,,,,,,,,,,,,,,,,,,,,,,,5,3,,,,,,,,,,,,,,,,,,,,,,,,,,,,,,,,,40,5,,,,,,,,,,,,,,
2019-07-30,,,,,,,,,,,,,,,,,,,,,,,,,,,,,,,,,,,,,,,,,,,,,,,,,,,,,,,,,,,,,,,,,,,,,,,,45,4,,,,,,,,
2019-07-31,,,,,,,,,,,,,,,,3,0,,,,,,,2,2,,,,,,,,,,,,,,,,,,,,,,,,,25,5,,,,,,,15,5,,,,,,,,,,,,,,,,,,,,,,
2019-08-01,,,,,,,,,,,,,,,,,,,,,,,,,,,,,,,,,,,,,,,,,,,,,,,,,,,,,,,,,,,,,,,,,,,,,,,,45,4,,,,,,,,
2019-08-02,,,,,,,,,,,,,,,,,,,,,,,,,,,,,,3,3,4,3,,,,,,,,,,,,,,,,,,,,,,,,,,,,,,,15,1,40,5,,,,,,,,,,,,,,
2019-08-03,,,,,,,,,,,,,,,,,,,,,,,,,,,,,,,,,,,,,,,,,,,,,,,,,,,,,,,,,,,,,,,,,,,,,,,,,,20,2,,,,,15,4
2019-08-06,,,,,,,,,,,,,,,,,,,,,,,,,,,,,,,,,,,,,,,,,,,,,,,,,,,,,,,,,,,,,,,,,,,,,,,,,,30,3,,,,,,
2019-08-07,,,,,,,,,,,,,,,,,,,,,,,,,,,,,,4,1,,,,,,,,,,,,,,,,,,,,,,,,,,,,,,,,,60,4.5,,,,,,,,,,,,,,,,
2019-08-08,,,,,,,,,,,,,,,,,,,,,,,,,,,,,,,,,,,,,,,,,,,,,,,,,,,,,,,,,,,,,,,,,,,,,,,,,,30,3,,,,,,
2019-08-09,72.8,,,,,,,,,,,,,,,,,,,,,,,,,,,,,,,,,,,,,,,,,,,,,,,,,,,,,,,,,,,,,,,,,,,,,,,,,30,4,,,,,,
2019-08-10,73.1,,,,,,,,,,,,,,,,,,,,,,,,,,,,,,,,,,,,,,,,,,,,,,,,,,,,,,,,,,,,,,,,,,,,,,,,,,,,,,,,
2019-08-11,,,,,,,,,,,,,,,,,,,,,,,,,,,,,,,,,,,,,,,,,,,,,,,,,,,,,,,,,,,,,,,,,,,,,,,,,,30,3,,,,,20,3
2019-08-12,74,,,,,,,,,,,,,,,,,,,,,,,,,,,,,,,,,,,,,,,,,,,,,,,,,,,,,,,,,,,,,,,,,,,,,,,,,30,4,,,,,,
2019-08-13,,,,,,,,,,,,,,,,,,,,,,,,,,,,,,,,,,,,,,,,,,,,,,,,,,,,,,,,,,,,,,,,,,,,,,,,,,30,3,,,,,,
2019-08-14,74,,,,,,,,,,,,,,,,,,,,,,,,,,,,,,,,,,,,,,,,,,,,,,,,,,,,,,,,,,,,,,,,,,,,,,,,,30,3,,,,,,
2019-08-15,75,,,,,,,,,,,,,,,,,,,,,,,,,,,,,,,,,,,,,,,,,,,,,,,,,,,,,,,,,,,,,,,,,,,,,,,,,30,3,,,,,,
2019-08-16,74.5,,,,,,,,,,,,,,,,,,,,,,,,,,,,,,,,,,,,,,,,,,,,,,,,,,,,,,,,,,,,,,,,,,,,,,,,,30,3,,,,,,
2019-08-17,75,,,,,,,,,,,,,,,,,,,,,,,,,,,,,,,,,,,,,,,,,,,,,,,,,,,,,,,,,,,,,,,,,,,,,,,,,30,3,,,,,20,2
2019-08-18,73.5,,,,,,,,,,,,,,,,,,,,,,,,,,,,,,,,,,,,,,,,,,,,,,,,,,,,,,,,,,,,,,,,,,,,,,,,,30,3,,,,,,
2019-08-19,74,,,,,,,,,,,,,,,,,,,,,,,,,,,,,,,,,,,,,,,,,,,,,,,,,,,,,,,,,,,,,,,,,,,,,,,,,30,3,,,,,,
2019-08-20,73.5,,,,,,,,,,,,,,,,,,,,,,,,,,,,,,,,,,,,,,,,,,,,,,,,,,,,,,,,,,,,,,,,,,,,,,,,,,,,,,,,
2019-08-21,74.5,,,,,,,,,,,,,,,,,,,,,,,,,,,,,,,,,,,,,,,,,,,,,,,,,,,,,,,,,,,,,,,,,,,,,,,,,30,3,,,,,,
2019-08-22,74,,,,,,,,,,,,,,,,,,,,,,,,,,,,,,,,,,,,,,,,,,,,,,,,,,,,,,,,,,,,,,,,,,,,,,,,,30,3,,,,,,
2019-08-23,74,,,,,,,,,,,,,,,,,,,,,,,,,,,,,,,,,,,,,,,,,,,,,,,,,,,,,,,,,,,,,,,,,,,,,,,,,30,3,,,,,,
2019-08-24,72,,,,,,,,,,,,,,,,,,,,,,,,,,,,,,,,,,,,,,,,,,,,,,,,,,,,,,,,,,,,,,,,,,,,,,,,,30,3,,,,,,
2019-08-25,71.5,,,,,,,,,,,,,,,,,,,,,,,,,,,,,,,,,,,,,,,,,,,,,,,,,,,,,,,,,,,,,,,,,,,,,,,,,,,,,,,,
2019-08-26,71.7,,,,,,,,,,,,,,,,,,,,,,,,,,,,,,,,,,,,,,,,,,,,,,,,,,,,,,,,,,,,,,,,,,,,,,,,,,,40,2.5,80,2.5,,
2019-08-27,71.7,,,,,,,,,,,,,,,,,,,,,,,,,,,,,,,,,,,,,,,,,,,,,,,,,,,,,,,,,,,,,,,,,,,,,,,,,,,20,3,40,3,,
2019-08-28,71.6,,,,,,,,,,,,,,,,,,,,,,,,,,,,,,,,,,,,,,,,,,,,,,,,,,,,,,,,,,,,,,,,,,,,,,,,,,,20,3,40,3,,
2019-08-29,71.6,,,,,,,,,,,,,,,,,,,,,,,,,,,,,,,,,,,,,,,,,,,,,,,,,,,,,,,,,,,,,,,,,,,,,,,,,,,20,3,40,3,,
2019-08-30,72.5,,,,,,,,,,,,,,,,,,,,,,,,,,,,,,,,,,,,,,,,,,,,,,,,,,,,,,,,,,,,,,,,,,,,,,,,,,,20,3,40,3,,
2019-09-01,73.1,,,,,,,,,,,,,,,,,,,,,,,,,,,,,,,,,,,,,,,,,,,,,,,,,,,,,,,,,,,,,,,,,,,,,,,,,30,3,,,,,,
2019-09-02,73.2,,,,,,,,,,,,,,,,,,,,,,,,,,,,,3,3,,,,,,,,,,,,,,,,,,,,,,,,,,,,,,,,,20,3,,,,,,,,,,,20,3,40,3,,
2019-09-03,,,,,,,,,,,,,,,,,,,,,,,,,,,,,,3,1,,,,,,,,,,,,,,,,,,,,,,,,,,,,,,,,,40,5,,,,,,,45,3,,,10,4,,,,
2019-09-04,72,1,1,,,,,,,4,1,,,,,,,,,,,,,,,,,,,,,,,,,10,5,,,,,,,30,5,,,,,,,,,,,,,,,,,,,,,,,,,,,,,15,3,,,,,,
2019-09-05,72,,,,,,,,,,,,,,,,,,,3,3,,,,,,,,,,,,,,,,,,,,,,,,,,,,,,,,,20,3,,,,,,,,,,,,,,,,,45,4,,,15,4,45,2.4444444444444446,,
2019-09-06,72,,,,,,,,,3,3,,,,,,,,,3,3,,,,,,,,,,,,,,,,,,,,,,,30,4,,,,,,,,,25,4,,,,,,,,,,,,,,,,,,,15,3,,,,,,
2019-09-07,72.9,,,,,,,,,,,,,,,,,,,,,,,,,,,,,3,2,,,,,,,,,,,,,,,,,,,,,,,,,,,,,,,,,30,5,,,,,,,,,15,3,,,40,3,,
2019-09-08,72.8,,,,,,,,,,,,,,,,,,,,,,,,,,,,,,,,,,,,,,,,,,,,,,,,,,,,,,,,,,,,,,,,,,,,,,,,,,,,,,,,
2019-09-09,73.3,,,,,,,,,,,,,,,,,,,2,2,4,3,,,,,,,,,,,,,,,,,,,,,,,,,,,,,,,15,4,40,5,,,,,,,,,,,,,,,,,,,,,10,2,,
2019-09-10,72.6,,,,,,,,,,,,,,,,,,,,,,,,,,,,,,,,,,,,,,,,,,,,,,,,,,,,,,,,,,,,,,,,,,,,,,,,,,,,,,,,
2019-09-11,73.1,,,,,,,,,,,,,4,1,,,,,,,,,,,,,,,,,4,1,,,,,,,,,,,,,,,40,5,,,,,,,,,,,,,,,,,40,5,,,,,45,4,,,10,3,,,,
2019-09-12,71,,,,,,,,,,,,,,,,,,,,,,,,,,,,,,,,,,,,,,,,,,,,,,,,,,,,,,,,,,,,,,,,,,,,,,,45,4,,,10,3,,,,
2019-09-13,71.2,2,0,5,2,,,,,,,,,,,,,,,,,,,,,,,,,,,,,,,10,5,35,5,,,,,,,,,,,,,,,,,,,,,,,,,,,,,,,,,,,15,3,,,20,3,,
2019-09-14,71.4,,,,,,,,,,,,,,,,,,,,,,,,,,,,,,,5,3,,,,,,,,,,,,,,,,,,,,,,,,,,,,,,,,,50,5,,,,,,,15,3,,,,,,
2019-09-15,71.4,,,,,,,,,,,,,,,,,,,,,,,,,,,,,,,,,,,,,,,,,,,,,,,,,,,,,,,,,,,,,,,,,,,,,,,,,,,,,,,,
2019-09-16,72,,,,,,,1,0,,,,,,,,,,,3,3,3,0,,,,,,,,,,,,,,,,,,,10,5,,,,,,,,,,,20,4,30,5,,,,,,,,,,,,,,,,,15,3,,,25,3,,
2019-09-17,71.4,,,,,,,,,,,,,,,,,,,,,,,,,,,,,,,,,,,,,,,,,,,,,,,,,,,,,,,,,,,,,,,,,,,,,,,45,4,,,15,4,,,,
2019-09-18,71.9,,,,,,,,,,,,,2,1,4,1,,,,,,,,,,,,,,,,,,,,,,,,,,,,,,,15,5,30,5,,,,,,,,,,,,,,,,,,,,,,,,,,,20,3,,
2019-09-19,71.9,,,,,,,,,,,,,,,,,,,,,,,,,,,,,,,,,,,,,,,,,,,,,,,,,,,,,,,,,,,,,,,,,,,,,,,45,4,,,10,4,20,3,,
2019-09-20,71.7,,,,,,,,,,,,,3,0,4,1,,,,,,,,,,,,,,,,,,,,,,,,,,,,,,,20,5,30,5,,,,,,,,,,,,,,,,,,,,,,,15,3,,,20,3,,
2019-09-21,72.2,,,,,,,,,5,3,,,,,,,,,,,,,,,,,,,,,,,,,,,,,,,,,50,5,,,,,,,,,,,,,,,,,,,,,,,,,,,,,15,3,,,15,2,,
2019-09-22,72.6,,,,,,,,,,,,,,,,,,,,,,,,,,,,,,,,,,,,,,,,,,,,,,,,,,,,,,,,,,,,,,,,,,,,,,,,,,,,,,,,
2019-09-23,73.2,,,,,,,,,3,3,,,,,,,,,,,,,,,,,,,,,,,,,,,,,,,,,20,5,,,,,,,,,,,,,,,,,,,,,,,,,,,,,15,3,,,40,3.25,,
2019-09-24,72.7,,,,,,,,,,,,,2,0,,,,,,,,,,,,,,,,,,,,,,,,,,,,,,,,,15,5,,,,,,,,,,,,,,,,,,,,,,,45,4,,,10,4,30,4,15,4
2019-09-25,71.9,,,,,,,,,,,,,2,0,5,2,,,,,,,,,,,,,,,,,,,,,,,,,,,,,,,20,5,40,5,,,,,,,,,,,,,,,,,,,,,,,10,3,,,,,,
2019-09-26,71.3,,,,,,,,,,,,,,,,,,,,,,,,,,,,,,,,,,,,,,,,,,,,,,,,,,,,,,,,,,,,,,,,,,,,,,,45,4,,,15,4,,,,
2019-09-27,71.3,,,,,,,,,,,,,,,,,,,,,,,,,,,,,,,,,,,,,,,,,,,,,,,,,,,,,,,,,,,,,,,,,,,,,,,,,,,,,55,3,,
2019-09-28,73.1,,,,,,,,,,,,,,,,,,,,,,,,,,,,,,,,,3,0,,,,,,,,,,,,,,,,,,,,,,,,,,,,,,,,,135,4.518518518518519,,,,,,,,,,,,
2019-09-29,71.9,,,,,,,,,,,,,,,,,,,,,,,,,,,,,,,,,,,,,,,,,,,,,,,,,,,,,,,,,,,,,,,,,,,,,,,,,,,,,,,30,3
2019-09-30,72.5,,,,,,,,,4,3,,,,,,,,,2,2,,,,,,,,,3,3,,,,,,,,,,,,,40,5,,,,,,,,,15,3,,,,,,,,,25,4,,,,,,,,,15,4,,,,,,
2019-10-01,72.6,,,,,,,,,,,,,,,,,,,,,,,,,,,,,,,,,,,,,,,,,,,,,,,,,,,,,,,,,,,,,,,,,,,,,,,45,4,,,10,4,,,10,4
2019-10-02,72.6,,,5,2,,,,,,,,,,,,,,,,,,,,,,,,,,,,,,,,,40,5,,,,,,,,,,,,,,,,,,,,,,,,,,,,,,,,,,,30,4,,,,,,
2019-10-03,72.6,,,,,,,,,,,,,,,,,,,,,,,,,,,,,,,,,,,,,,,,,,,,,,,,,,,,,,,,,,,,,,,,,,,,,,,45,4,,,10,4,,,15,5
2019-10-04,72.6,,,,,,,,,,,,,4,1,4,1,,,,,,,,,,,,,,,,,,,,,,,,,,,,,,,30,5,40,5,,,,,,,,,,,,,,,,,,,,,,,30,3,,,,,,
2019-10-05,72.6,,,,,,,3,1,3,3,,,,,,,,,,,,,,,,,,,,,,,,,,,,,,,30,5,30,5,,,,,,,,,,,,,,,,,,,,,,,,,,,,,15,4,,,20,3,,
2019-10-06,73.2,,,,,,,,,,,,,,,,,,,,,,,,,,,,,,,,,,,,,,,,,,,,,,,,,,,,,,,,,,,,,,,,,,,,,,,,,,,,,,,25,4
2019-10-07,73.6,,,,,,,,,,,,,,,3,0,,,,,,,2,0,,,,,,,,,,,,,,,,,,,,,,,,,25,5,,,,,,,15,5,,,,,,,,,,,,,,,30,4,,,,,,
2019-10-08,73.1,,,,,,,,,,,,,,,,,,,,,,,,,,,,,,,,,,,,,,,,,,,,,,,,,,,,,,,,,,,,,,,,,,,,,,,,,,,,,,,,
2019-10-09,73.1,,,,,,,,,,,,,,,,,,,,,,,,,,,,,,,,,,,,,,,,,,,,,,,,,,,,,,,,,,,,,,,,,,,,,,,45,4,,,15,4,10,3,,
2019-10-10,73.1,,,,,,,,,,,,,,,,,,,,,,,,,,,,,3,2,,,,,,,,,,,,,,,,,,,,,,,,,,,,,,,,,20,5,,,,,,,45,4,,,10,4,,,,
2019-10-11,71.9,,,,,,,,,,,,,,,,,,,,,,,3,1,3,0,,,1,1,5,3,,,,,,,,,,,,,,,,,,,,,,,,,20,5,30,5,,,10,5,40,5,,,,,,,30,4,,,15,3,,
2019-10-12,71.2,2,0,,,,,,,3,0,,,,,,,,,,,,,,,,,,,,,,,,,10,5,,,,,,,30,5,,,,,,,,,,,,,,,,,,,,,,,,,,,,,30,4,,,,,,
2019-10-13,72,,,,,,,,,,,,,,,,,,,,,,,,,,,,,,,,,,,,,,,,,,,,,,,,,,,,,,,,,,,,,,,,,,,,,,,,,,,,,,,,
2019-10-14,73.8,,,,,,,,,3,3,,,,,,,,,,,,,,,,,,,,,,,,,,,,,,,,,40,5,,,,,,,,,,,,,,,,,,,,,,,,,,,,,30,4,,,,,,
2019-10-15,73.7,,,,,,,,,,,,,,,,,,,,,,,,,,,,,,,,,,,,,,,,,,,,,,,,,,,,,,,,,,,,,,,,,,,,,,,50,4,,,10,3,,,,
2019-10-16,73.7,,,,,,,,,,,,,,,,,,,,,,,,,,,,,,,,,,,,,,,,,,,,,,,,,,,,,,,,,,,,,,,,,,,,,15,5,,,30,4,,,,,,
2019-10-17,72.4,,,,,,,,,,,,,,,,,,,,,,,,,,,,,,,,,,,,,,,,,,,,,,,,,,,,,,,,,,,,,,,,,,,,,,,,,30,4,,,,,15,4
2019-10-18,72.8,,,3,0,,,,,,,,,3,0,,,,,,,,,3,1,3,0,,,,,,,,,,,25,5,,,,,,,,,20,5,,,,,,,,,20,5,25,5,,,,,,,,,,,,,,,,,,,,
2019-10-19,71.5,,,4,3,,,,,,,,,,,,,,,,,,,,,,,,,,,,,,,,,45,5,,,,,,,,,,,,,,,,,,,,,,,,,,,,,,,,,,,30,4,,,20,3,,
2019-10-20,71.8,,,,,,,,,,,,,,,,,,,,,,,,,,,,,,,,,,,,,,,,,,,,,,,,,,,,,,,,,,,,,,,,,,,,,,,,,,,,,,,,
2019-10-21,72.8,,,,,,,,,,,,,,,,,,,,,,,3,1,3,0,,,,,,,,,,,,,,,,,,,,,,,,,,,,,,,15,5,30,5,,,,,,,,,,,,,30,4,,,,,,
2019-10-22,72.3,,,,,,,,,,,,,,,,,,,,,,,,,,,,,,,,,,,,,,,,,,,,,,,,,,,,,,,,,,,,,,,,,,,,,,,45,4,,,,,20,4,,
2019-10-23,72.3,,,,,,,2,2,,,,,,,,,,,,,,,,,,,,,,,4,3,,,,,,,,,10,5,,,,,,,,,,,,,,,,,,,,,,,35,5,,,,,,,30,4,,,,,,
2019-10-24,72.3,,,,,,,,,,,,,,,,,,,,,,,,,,,,,4,0,,,,,,,,,,,,,,,,,,,,,,,,,,,,,,,,,25,5,,,,,,,45,4,,,,,,,,
2019-10-25,71.8,,,,,,,3,1,,,,,,,,,,,,,,,,,,,,,,,,,,,,,,,,,40,5,,,,,,,,,,,,,,,,,,,,,,,,,,,,,,,,,,,60,4,,
2019-10-26,71.3,,,,,,,,,,,,,,,,,,,,,,,,,,,,,,,,,,,,,,,,,,,,,,,,,,,,,,,,,,,,,,,,,,,,,,,,,15,3,,,45,3,,
2019-10-27,72.3,,,,,,,,,,,,,,,,,,,,,,,,,,,,,,,,,3,0,,,,,,,,,,,,,,,,,,,,,,,,,,,,,,,,,110,5,,,,,,,,,,,,
2019-10-28,71.8,,,,,,,1,1,4,3,,,,,,,,,,,,,,,,,,,,,,,,,,,,,,,10,5,35,5,,,,,,,,,,,,,,,,,,,,,,,,,,,,,15,4,,,,,,
2019-10-29,71.8,,,,,,,,,,,,,,,,,,,,,,,4,0,,,,,,,,,,,,,,,,,,,,,,,,,,,,,,,,,25,5,,,,,,,,,,,,,45,4,,,10,4,,,,
2019-10-30,71,,,,,,,,,,,,,4,0,4,1,,,,,,,,,,,,,,,,,,,,,,,,,,,,,,,35,5,30,5,,,,,,,,,,,,,,,,,,,,,,,30,4,,,,,,
2019-10-31,71.7,,,,,,,,,,,,,,,,,,,,,,,,,,,,,,,,,,,,,,,,,,,,,,,,,,,,,,,,,,,,,,,,,,,,,,,45,4,,,,,,,,
2019-11-01,72,,,,,,,,,,,,,,,,,,,,,,,,,,,,,,,,,,,,,,,,,,,,,,,,,,,,,,,,,,,,,,,,,,,,,,,,,,,,,,,,
2019-11-02,72.5,4,1,3,0,,,,,,,,,,,,,,,2,2,,,,,,,,,3,1,,,,,25,5,35,5,,,,,,,,,,,,,,,10,4,,,,,,,,,20,5,,,,,,,,,30,4,,,15,3,,
2019-11-03,72.2,,,,,,,,,,,,,,,,,,,,,,,,,,,,,,,,,,,,,,,,,,,,,,,,,,,,,,,,,,,,,,,,,,,,,,,,,,,,,,,,
2019-11-04,72.6,,,,,,,,,5,2,,,,,,,,,,,,,,,,,,,,,,,,,,,,,,,,,50,5,,,,,,,,,,,,,,,,,,,,,,,,,,,,,30,4,,,,,,
2019-11-05,72.6,,,,,,,,,,,,,,,,,,,,,,,,,,,,,,,,,,,,,,,,,,,,,,,,,,,,,,,,,,,,,,,,,,,,,,,45,4,,,15,4,,,,
2019-11-06,72.2,,,,,,,,,,,,,,,,,,,,,,,,,5,3,,,,,,,,,,,,,,,,,,,,,,,,,,,,,,,,,35,5,,,,,,,,,,,,,30,4,,,10,4,,
2019-11-07,72.2,,,,,,,,,,,,,4,1,,,,,,,,,,,,,,,,,,,,,,,,,,,,,,,,,40,5,,,,,,,,,,,,,,,,,,,,,,,45,4,,,,,,,,
2019-11-08,71.3,,,,,,,,,,,,,,,,,,,,,,,4,0,,,,,,,,,,,,,,,,,,,,,,,,,,,,,,,,,40,5,,,,,,,,,,,,,,,15,3,,,30,4,,
2019-11-09,71.3,,,,,,,,,,,,,,,,,,,,,,,,,,,,,,,,,,,,,,,,,,,,,,,,,,,,,,,,,,,,,,,,,,,,,,,,,30,4,,,45,4,,
2019-11-10,72.7,,,,,,,,,,,,,,,,,,,,,,,,,,,,,,,,,4,3,,,,,,,,,,,,,,,,,,,,,,,,,,,,,,,,,85,5,,,,,,,,,,,,
2019-11-11,71.4,,,,,,,,,3,3,,,,,,,,,,,,,,,,,,,,,,,,,,,,,,,,,45,5,,,,,,,,,,,,,,,,,,,,,,,,,,,,,,,,,,,,
2019-11-12,72,,,,,,,,,,,,,,,,,,,,,,,,,,,,,,,,,,,,,,,,,,,,,,,,,,,,,,,,,,,,,,,,,,,,,,,45,4,,,10,4,,,,
2019-11-13,72,,,,,,,,,,,,,,,,,,,,,,,,,,,,,,,,,,,,,,,,,,,,,,,,,,,,,,,,,,,,,,,,,,,,,,,,,,,,,,,,
2019-11-14,72.8,,,,,,,,,,,,,,,,,,,,,,,,,,,,,,,,,,,,,,,,,,,,,,,,,,,,,,,,,,,,,,,,,,,,,,,50,4,,,15,4,,,,
2019-11-15,72.1,,,,,,,,,,,,,4,0,3,0,,,,,,,,,,,,,,,,,,,,,,,,,,,,,,,30,5,30,5,,,,,,,,,,,,,,,,,,,,,,,,,,,,,,
2019-11-16,71.2,4,3,,,,,,,5,2,,,,,,,,,,,,,,,,,,,,,,,,,30,5,,,,,,,45,5,,,,,,,,,,,,,,,,,,,,,,,,,,,,,,,,,15,4,,
2019-11-17,71.2,,,,,,,,,,,,,,,,,,,,,,,,,,,,,,,,,,,,,,,,,,,,,,,,,,,,,,,,,,,,,,,,,,,,,,,,,,,,,,,,
2019-11-18,72.6,,,,,,,,,,,,,,,,,,,,,,,,,,,,,,,,,,,,,,,,,,,,,,,,,,,,,,,,,,,,,,,,,,,,,,,45,4,,,15,4,30,3,,
2019-11-19,72.6,,,,,,,,,,,,,,,,,,,,,,,4,0,,,,,,,,,,,,,,,,,,,,,,,,,,,,,,,,,30,5,,,,,,,,,,,,,45,4,,,10,4,,,,
2019-11-20,72.6,,,,,,,,,,,,,2,1,4,1,,,,,,,,,,,,,,,,,,,,,,,,,,,,,,,15,5,30,5,,,,,,,,,,,,,,,,,,,,,,,30,3,,,10,4,,
2019-11-22,72.8,,,,,,,,,4,3,,,,,,,,,,,,,,,,,,,,,,,,,,,,,,,,,45,5,,,,,,,,,,,,,,,,,,,,,,,,,,,,,30,3,,,25,4,,
2019-11-23,72.8,,,,,,,,,,,,,,,,,,,,,,,,,,,,,,,,,,,,,,,,,,,,,,,,,,,,,,,,,,,,,,,,,,,,,,,,,,,,,45,4,,
2019-11-24,72.2,,,,,,,,,,,,,,,,,3,3,,,,,,,,,3,0,,,,,5,2,,,,,,,,,,,,,,,,,30,5,,,,,,,,,30,5,,,,,60,5,,,,,,,,,,,,
2019-11-25,72.1,,,,,,,,,3,3,,,,,,,,,,,,,,,,,,,,,,,,,,,,,,,,,45,5,,,,,,,,,,,,,,,,,,,,,,,,,,,,,,,,,,,,
2019-11-26,72.5,,,,,,,,,,,,,,,,,,,,,,,,,,,,,,,,,,,,,,,,,,,,,,,,,,,,,,,,,,,,,,,,,,,,,,,45,4,,,,,15,3,,
2019-11-27,72.9,,,,,,,,,,,,,,,,,,,,,,,,,,,,,,,,,,,,,,,,,,,,,,,,,,,,,,,,,,,,,,,,,,,,,,,45,4,,,10,4,,,,
2019-11-29,,,,,,,,,,,,,,,,,,,,,,,,,,,,,,,,,,,,,,,,,,,,,,,,,,,,,,,,,,,,,,,,,,,,,,,,,,,,10,4,60,4,,
2019-11-30,72.9,,,,,,,,,,,,,,,4,3,,,,,,,,,,,,,1,1,,,,,,,,,,,,,,,,,,,40,5,,,,,,,,,,,,,5,4,,,,,,,,,45,4,,,,,,
2019-12-01,72,,,,,,,,,,,,,,,,,,,,,,,,,,,,,,,,,,,,,,,,,,,,,,,,,,,,,,,,,,,,,,,,,,,,,,,,,45,4,,,,,,
2019-12-02,72.7,,,,,,,1,1,4,3,,,,,,,,,,,,,,,,,,,,,,,,,,,,,,,10,5,35,5,,,,,,,,,,,,,,,,,,,,,,,,,,,,,,,,,,,,
2019-12-03,72.7,,,,,,,,,,,,,,,,,,,,,,,,,,,,,,,,,,,,,,,,,,,,,,,,,,,,,,,,,,,,,,,,,,,,,,,45,4,,,15,4,20,4,,
2019-12-04,72.2,,,,,,,1,1,,,,,,,,,,,,,5,3,,,,,,,,,,,,,,,,,,,5,5,,,,,,,,,,,,,40,5,,,,,,,,,,,,,,,,,45,4,,,,,,
2019-12-05,72.2,,,,,,,,,,,,,,,,,,,,,,,,,,,,,,,,,,,,,,,,,,,,,,,,,,,,,,,,,,,,,,,,,,,,,,,45,4,,,,,45,3,,
2019-12-06,72.2,,,,,,,,,,,,,,,,,,,,,,,3,1,5,2,,,2,0,,,,,,,,,,,,,,,,,,,,,,,,,,,20,5,40,5,,,15,5,,,,,,,,,,,,,30,4,,
2019-12-07,71.5,,,5,2,,,,,,,,,,,,,,,,,,,,,,,,,3,2,,,,,,,55,5,,,,,,,,,,,,,,,,,,,,,,,,,25,5,,,,,,,,,30,4,,,,,,
2019-12-08,71.5,,,,,,,,,,,,,,,,,,,,,,,,,,,,,,,,,,,,,,,,,,,,,,,,,,,,,,,,,,,,,,,,,,,,,,,,,,,,,,,,
2019-12-09,72.4,,,,,,,4,2,,,,,,,,,,,4,4,,,,,,,,,,,3,3,,,,,,,,,45,5,,,,,,,,,,,30,4,,,,,,,,,,,15,4,,,,,,,,,,,20,3,,
2019-12-10,72.4,,,,,,,,,,,,,,,,,,,,,,,,,,,,,,,,,,,,,,,,,,,,,,,,,,,,,,,,,,,,,,,,,,,,,,,45,4,,,10,4,,,,
2019-12-11,72.3,,,,,,,,,,,,,,,,,,,,,,,,,,,,,,,,,,,,,,,,,,,,,,,,,,,,,,,,,,,,,,,,,,,,,,,,,30,4,,,45,4,,
2019-12-12,72.7,,,,,,,,,,,,,,,,,,,,,,,,,,,,,,,,,,,,,,,,,,,,,,,,,,,,,,,,,,,,,,,,,,,,,,,45,4,,,10,4,,,,
2019-12-13,72.7,,,,,,,,,,,,,,,,,,,,,,,,,,,,,,,,,,,,,,,,,,,,,,,,,,,,,,,,,,,,,,,,,,,,,,,,,30,4,,,60,4,,
2019-12-14,72.2,,,,,,,1,1,,,,,1,0,,,,,,,,,3,2,,,,,1,1,,,,,,,,,,,10,5,,,,,10,5,,,,,,,,,20,5,,,,,20,5,,,,,,,,,,,,,20,4,,
2019-12-15,72.1,,,,,,,,,,,,,,,,,,,,,,,,,,,,,,,,,,,,,,,,,,,,,,,,,,,,,,,,,,,,,,,,,,,,,,,,,,,,,,,,
2019-12-16,72.1,,,,,,,2,1,3,3,,,,,,,,,,,,,,,,,,,,,,,,,,,,,,,15,5,30,5,,,,,,,,,,,,,,,,,,,,,,,,,,,,,30,4,,,,,,
2019-12-17,71.9,,,,,,,,,,,,,2,1,,,,,,,,,,,,,,,,,,,,,,,,,,,,,,,,,20,5,,,,,,,,,,,,,,,,,,,,,,,45,4,,,15,4,,,,
2019-12-18,71.9,,,,,,,,,,,,,1,0,4,1,,,,,,,,,,,,,,,,,,,,,,,,,,,,,,,10,5,35,5,,,,,,,,,,,,,,,,,,,,,,,,,,,,,,
2019-12-19,71.9,,,,,,,,,,,,,2,0,,,,,,,,,,,,,,,,,,,,,,,,,,,,,,,,,15,5,,,,,,,,,,,,,,,,,,,,,,,45,4,,,10,4,50,4,,
2019-12-20,71.2,,,,,,,,,,,,,,,,,,,,,,,3,1,,,,,,,,,,,,,,,,,,,,,,,,,,,,,,,,,30,5,,,,,,,,,,,,,,,30,4,,,60,4,,
2019-12-21,71.6,4,2,,,,,3,2,,,,,,,,,,,,,,,,,,,,,,,,,,,45,5,,,,,20,5,,,,,,,,,,,,,,,,,,,,,,,,,,,,,,,,,,,,,,
2019-12-23,72.8,,,,,,,3,2,3,3,,,,,,,,,2,2,,,,,,,,,,,,,,,,,,,,,30,5,30,5,,,,,,,,,10,4,,,,,,,,,,,,,,,,,,,,,,,35,4,,
2019-12-24,72.8,3,2,,,,,,,,,,,2,2,,,,,3,3,,,,,,,,,,,,,,,25,5,,,,,,,,,,,20,5,,,,,15,4,,,,,,,,,,,,,,,,,,,,,,,30,4,,
2019-12-26,73.2,,,,,,,,,,,,,,,,,,,,,,,,,,,,,,,,,,,,,,,,,,,,,,,,,,,,,,,,,,,,,,,,,,,,,,,,,,,,,,,25,5
2019-12-27,72.2,,,,,,,,,,,,,,,,,,,,,,,,,,,,,,,,,,,,,,,,,,,,,,,,,,,,,,,,,,,,,,,,,,,,,,,45,4,30,4,10,4,40,4,,
2019-12-28,71.9,2,1,5,2,,,3,2,,,,,,,,,,,,,,,,,,,,,,,,,,,15,5,45,5,,,20,5,,,,,,,,,,,,,,,,,,,,,,,,,,,,,,,30,4,,,,,,
2019-12-29,71.9,,,,,,,,,,,,,,,,,,,,,,,,,,,,,,,,,,,,,,,,,,,,,,,,,,,,,,,,,,,,,,,,,,,,,,,,,,,,,,,,
2019-12-30,72.9,,,,,,,,,,,,,,,,,,,,,,,,,,,,,,,,,,,,,,,,,,,,,,,,,,,,,,,,,,,,,,,,,,,,,,,45,4,30,4,10,4,45,3,,
2019-12-31,72.5,,,5,3,,,,,,,,,,,,,,,1,1,,,,,,,,,,,,,,,,,50,5,,,,,,,,,,,,,,,10,4,,,,,,,,,,,,,,,,,,,,,,,35,4,,
2020-01-01,72.8,,,,,,,,,,,,,,,,,,,,,,,,,,,,,,,,,,,,,,,,,,,,,,,,,,,,,,,,,,,,,,,,,,,,,,,,,,,,,,,25,4
2020-01-02,72.4,,,,,,,,,,,,,,,,,,,4,3,,,,,,,,,,,,,,,,,,,,,,,,,,,,,,,,,20,4,,,,,,,,,,,,,,,,,45,4,,,10,4,,,,
2020-01-03,72.4,,,,,,,,,,,,,5,3,5,2,,,,,,,,,,,,,,,,,,,,,,,,,,,,,,,40,5,45,5,,,,,,,,,,,,,,,,,,,,,,,,,,,,,,
2020-01-04,72.4,2,2,4,1,,,,,,,,,,,,,,,,,,,,,,,,,,,,,,,20,5,50,5,,,,,,,,,,,,,,,,,,,,,,,,,,,,,,,,,,,30,3,,,,,,
2020-01-05,72.1,,,,,,,,,,,,,,,,,,,,,,,,,,,,,,,,,,,,,,,,,,,,,,,,,,,,,,,,,,,,,,,,,,,,,,,,,,,,,,,25,4
2020-01-06,72.2,,,,,,,,,,,,,,,,,,,,,,,,,,,,,,,,,,,,,,,,,,,,,,,,,,,,,,,,,,,,,,,,,,,,,,,,,,,,,,,,
2020-01-07,73.5,,,,,,,,,,,,,,,,,,,,,,,,,,,,,,,,,,,,,,,,,,,,,,,,,,,,,,,,,,,,,,,,,,,,,,,45,4,,,,,,,,
2020-01-08,73.5,,,,,,,,,,,,,2,1,3,0,,,,,,,,,,,,,,,,,,,,,,,,,,,,,,,15,5,30,5,,,,,,,,,,,,,,,,,,,,,,,30,4,,,,,,
2020-01-09,73.5,,,,,,,,,,,,,,,,,,,,,,,,,,,,,,,,,,,,,,,,,,,,,,,,,,,,,,,,,,,,,,,,,,,,,,,,,30,4,,,45,4,,
2020-01-10,72.5,,,,,,,,,,,,,,,,,,,,,,,,,,,,,,,,,,,,,,,,,,,,,,,,,,,,,,,,,,,,,,,,,,,,,,,,,30,4,,,45,3,,
2020-01-11,72.1,,,,,,,,,,,,,,,,,,,,,,,,,,,,,,,,,,,,,,,,,,,,,,,,,,,,,,,,,,,,,,,,,,,,,,,,,,,,,85,3.5294117647058822,,
2020-01-12,72.5,,,,,3,0,,,,,,,,,,,,,,,,,,,,,4,3,,,,,3,3,,,,,30,5,,,,,,,,,,,,,,,,,,,,,75,5,,,,,20,5,,,,,,,,,,,,
2020-01-13,71.6,,,,,,,,,,,,,,,,,,,,,,,,,,,,,,,,,,,,,,,,,,,,,,,,,,,,,,,,,,,,,,,,,,,,,,,,,,,,,,,,
2020-01-15,72,,,,,,,,,,,,,,,,,,,,,,,,,,,,,,,,,,,,,,,,,,,,,,,,,,,,,,,,,,,,,,,,,,,,,,,45,4,,,10,4,15,3,,
2020-01-16,72.4,,,,,,,,,,,,,,,,,,,,,,,,,,,,,,,,,,,,,,,,,,,,,,,,,,,,,,,,,,,,,,,,,,,,,,,,,,,,,,,,
2020-01-17,,,,,,,,,,,,,,,,,,,,,,,,,,,,,,,,,,3,0,,,,,,,,,,,,,,,,,,,,,,,,,,,,,,,,,60,5,,,,,,,,,20,3,,
2020-01-18,,,,,,,,,,,,,,,,,,,,,,,,,,,,,,,,,,3,3,,,,,,,,,,,,,,,,,,,,,,,,,,,,,,,,,30,5,,,,,,,,,20,3,,
2020-01-20,71.3,,,,,,,1,1,4,3,,,,,,,,,,,,,,,,,,,,,,,,,,,,,,,10,5,35,5,,,,,,,,,,,,,,,,,,,,,,,,,,,,,,,,,45,4,,
2020-01-21,70.9,,,,,,,,,,,,,,,,,,,,,,,,,,,,,,,,,,,,,,,,,,,,,,,,,,,,,,,,,,,,,,,,,,,,,,,45,4,,,10,4,,,,
2020-01-22,71.3,,,,,,,,,,,,,,,,,,,,,,,,,,,,,,,,,,,,,,,,,,,,,,,,,,,,,,,,,,,,,,,,,,,,,,,45,4,,,,,45,4,,
2020-01-24,,,,,,,,,,,,,,,,,,,,,,,,,,,,,,,,,,,,,,,,,,,,,,,,,,,,,,,,,,,,,,,,,,,,,,,,,,,,,,45,3,,
2020-01-25,71.4,,,,,,,,,,,,,,,,,,,,,,,,,,,,,,,,,3,1,,,,,,,,,,,,,,,,,,,,,,,,,,,,,,,,,100,5,,,,,,,,,,,,
2020-01-26,70.8,,,,,,,,,,,,,,,,,,,,,,,,,,,,,,,,,,,,,,,,,,,,,,,,,,,,,,,,,,,,,,,,,,,,,,,,,,,,,,,,
2020-01-30,72.1,,,,,,,,,,,,,,,5,2,,,,,,,,,,,,,,,,,,,,,,,,,,,,,,,,,45,5,,,,,,,,,,,,,,,,,,,,,45,4,,,,,,,,
2020-01-31,71.4,,,,,,,,,,,,,4,4,5,2,,,,,,,,,,,,,,,,,,,,,,,,,,,,,,,25,5,35,5,,,,,,,,,,,,,,,,,,,,,45,4,,,10,3,,,,
2020-02-01,70.4,1,1,4,1,,,,,,,,,,,3,0,,,,,,,1,0,,,,,,,,,,,10,5,35,5,,,,,,,,,,,20,5,,,,,,,10,5,,,,,,,,,,,,,,,,,,,,,,
2020-02-02,70.3,,,,,,,,,,,,,4,2,,,,,,,,,,,,,,,,,,,,,,,,,,,,,,,,,25,5,,,,,,,,,,,,,,,,,,,,,,,,,,,,,60,4,,
2020-02-04,,,,,,,,,,,,,,,,,,,,,,,,,,,,,,,,,,,,,,,,,,,,,,,,,,,,,,,,,,,,,,,,,,,,,,,,,,,,10,4,50,4,,
2020-02-06,71.4,,,,,,,,,,,,,3,1,3,0,,,,,,,,,,,,,3,1,,,,,,,,,,,,,,,,,20,5,25,5,,,,,,,,,,,,,20,5,,,,,,,45,4,,,10,4,,,,
2020-02-07,71.4,,,,,,,4,3,4,3,,,,,,,,,,,,,,,,,,,3,1,,,,,,,,,,,30,5,30,5,,,,,,,,,,,,,,,,,,,20,5,,,,,,,45,4,,,10,4,,,,
2020-02-08,,,,4,1,,,,,,,,,,,,,,,,,,,,,,,,,,,,,,,,,45,5,,,,,,,,,,,,,,,,,,,,,,,,,,,,,,,,,,,,,,,20,4,,
2020-02-09,71.7,,,,,,,,,,,,,,,,,,,,,,,,,,,,,,,,,,,,,,,,,,,,,,,,,,,,,,,,,,,,,,,,,,,,,,,,,,,,,65,4,,
2020-02-10,72.5,,,,,,,1,1,5,3,,,,,,,,,,,,,,,,,,,,,,,,,,,,,,,5,5,85,5,,,,,,,,,,,,,,,,,,,,,,,,,,,,,,,,,,,,
2020-02-11,72.5,,,,,,,,,,,,,4,1,,,,,,,,,,,,,,,,,,,,,,,,,,,,,,,,,20,5,,,,,,,,,,,,,,,,,,,,,,,45,4,,,,,25,5,,
2020-02-14,72,,,,,,,,,,,,,,,,,,,,,,,5,2,3,0,,,,,,,,,,,,,,,,,,,,,,,,,,,,,,,30,5,20,5,,,,,,,,,,,45,4,,,,,,,,
2020-02-15,71.5,,,,,,,,,,,,,,,,,3,0,,,,,,,,,3,3,,,,,3,3,,,,,,,,,,,,,,,,,30,5,,,,,,,,,30,5,,,,,30,5,,,,,,,,,,,,
2020-02-16,70.9,,,,,,,,,,,,,,,,,,,,,,,,,,,,,,,,,,,,,,,,,,,,,,,,,,,,,,,,,,,,,,,,,,,,,,,,,,,,,,,,
2020-02-18,,,,,,,,,,,,,,,,,,,,,,,,,,,,,,,,,,,,,,,,,,,,,,,,,,,,,,,,,,,,,,,,,,,,,,,,,,,,,,45,4,,
2020-02-20,71.5,,,,,,,,,,,,,,,,,,,,,,,,,,,,,,,,,,,,,,,,,,,,,,,,,,,,,,,,,,,,,,,,,,,,,,,45,4,,,,,15,3,,
2020-02-21,70.8,,,,,,,,,5,3,,,,,,,,,,,,,3,1,,,,,,,,,,,,,,,,,,,45,5,,,,,,,,,,,,,25,5,,,,,,,,,,,,,45,4,,,,,,,,
2020-02-22,70.8,,,,,,,,,,,,,,,,,,,,,,,,,,,,,,,,,,,,,,,,,,,,,,,,,,,,,,,,,,,,,,,,,,,,,,,,,,,,,45,4,,
2020-02-23,71.5,,,,,,,,,,,3,3,,,,,5,3,,,,,,,,,3,0,,,,,,,,,,,,,,,,,30,5,,,,,50,5,,,,,,,,,20,5,,,,,,,,,,,,,,,,,,
2020-02-24,71.5,,,,,,,,,,,,,,,,,,,,,,,,,,,,,,,,,,,,,,,,,,,,,,,,,,,,,,,,,,,,,,,,,,,,,,,,,,,,,,,,
2020-02-25,71.9,,,,,,,,,,,,,,,,,,,,,,,,,,,,,,,,,,,,,,,,,,,,,,,,,,,,,,,,,,,,,,,,,,,,,,,,,,,,,,,,
2020-02-26,72.6,,,,,,,,,,,,,,,,,,,,,,,,,,,,,,,,,,,,,,,,,,,,,,,,,,,,,,,,,,,,,,,,,,,,,,,45,4,,,,,30,4,,
2020-02-27,72.6,,,,,,,,,,,,,,,,,,,,,,,,,,,,,,,,,,,,,,,,,,,,,,,,,,,,,,,,,,,,,,,,,,,,,,,45,4,,,,,45,3,,
2020-02-28,71.6,,,,,,,2,1,3,3,,,1,1,3,0,,,,,,,,,,,,,,,,,,,,,,,,,10,5,30,5,,,10,5,20,5,,,,,,,,,,,,,,,,,,,,,,,,,,,45,3,,
2020-02-29,71.6,,,,,,,,,,,,,10,3,3,3,,,,,,,,,,,,,,,,,,,,,,,,,,,,,,,60,5,25,5,,,,,,,,,,,,,,,,,,,,,,,,,,,,,,
2020-03-01,71.6,,,,,,,,,,,,,,,,,,,,,,,,,,,,,,,,,,,,,,,,,,,,,,,,,,,,,,,,,,,,,,,,,,,,,,,,,,,,,90,5,,
2020-03-05,71.6,,,,,,,,,,,,,,,,,,,,,,,,,,,,,,,,,,,,,,,,,,,,,,,,,,,,,,,,,,,,,,,,,,,,,,,45,4,,,,,45,4,,
2020-03-06,71.3,,,,,,,,,,,,,1,0,5,2,,,,,,,,,,,,,,,,,,,,,,,,,,,,,,,10,5,35,5,,,,,,,,,,,,,,,,,,,,,45,4,,,,,,,,
2020-03-07,71.3,3,3,3,3,,,,,,,,,,,,,,,,,,,,,,,,,,,,,,,20,5,25,5,,,,,,,,,,,,,,,,,,,,,,,,,,,,,,,,,,,,,,,,,,
2020-03-08,71.8,,,,,,,,,,,,,2,0,,,,,,,,,3,1,,,,,,,,,,,,,,,,,,,,,,,15,5,,,,,,,,,20,5,,,,,,,,,,,,,,,,,,,45,4,,
2020-03-10,73.4,,,,,,,,,,,,,,,,,,,,,,,,,,,,,,,,,,,,,,,,,,,,,,,,,,,,,,,,,,,,,,,,,,,,,,,,,30,4,,,,,,
2020-03-11,73,,,,,,,,,,,,,,,,,,,,,,,,,,,,,,,,,,,,,,,,,,,,,,,,,,,,,,,,,,,,,,,,,,,,,,,,,30,4,,,,,,
2020-03-12,73,,,,,,,,,,,,,,,,,,,,,,,,,,,,,,,,,,,,,,,,,,,,,,,,,,,,,,,,,,,,,,,,,,,,,,,,,30,4,,,,,25,4
2020-03-13,72.4,,,,,,,,,,,,,,,,,,,,,,,,,,,,,,,,,,,,,,,,,,,,,,,,,,,,,,,,,,,,,,,,,,,,,,,,,,,,,,,25,4
2020-03-14,72.1,,,,,,,,,,,,,,,,,,,,,,,,,,,,,,,,,,,,,,,,,,,,,,,,,,,,,,,,,,,,,,,,,,,,,,,,,30,4,,,,,25,4
2020-03-15,71.9,,,,,,,,,,,,,,,,,,,,,,,,,,,,,,,,,,,,,,,,,,,,,,,,,,,,,,,,,,,,,,,,,,,,,,,,,30,4,,,,,25,4
2020-03-16,71.9,,,,,,,,,,,,,,,,,,,,,,,,,,,,,,,,,,,,,,,,,,,,,,,,,,,,,,,,,,,,,,,,,,,,,,,,,,,,,,,25,4
2020-03-17,72.3,,,,,,,,,,,,,,,,,,,,,,,,,,,,,,,,,,,,,,,,,,,,,,,,,,,,,,,,,,,,,,,,,,,,,,,,,30,4,,,,,25,4
2020-03-18,72.3,,,,,,,,,,,,,,,,,,,,,,,,,,,,,,,,,,,,,,,,,,,,,,,,,,,,,,,,,,,,,,,,,,,,,,,,,30,4,,,,,30,4
2020-03-19,72.3,,,,,,,,,,,,,,,,,,,,,,,,,,,,,,,,,,,,,,,,,,,,,,,,,,,,,,,,,,,,,,,,,,,,,,,,,30,4,,,,,30,4
2020-03-20,71.9,,,,,,,,,,,,,,,,,,,,,,,,,,,,,,,,,,,,,,,,,,,,,,,,,,,,,,,,,,,,,,,,,,,,,,,,,,,,,,,25,4
2020-03-21,72.3,,,,,,,,,,,,,,,,,,,,,,,,,,,,,,,,,,,,,,,,,,,,,,,,,,,,,,,,,,,,,,,,,,,,,,,,,30,4,,,,,30,4
2020-03-22,71.8,,,,,,,,,,,,,,,,,,,,,,,,,,,,,,,,,,,,,,,,,,,,,,,,,,,,,,,,,,,,,,,,,,,,,,,,,30,4,,,,,30,4
2020-03-23,72.1,,,,,,,,,,,,,,,,,,,,,,,,,,,,,,,,,,,,,,,,,,,,,,,,,,,,,,,,,,,,,,,,,,,,,,,,,,,,,,,30,4
2020-03-24,72.1,,,,,,,,,,,,,,,,,,,,,,,,,,,,,,,,,,,,,,,,,,,,,,,,,,,,,,,,,,,,,,,,,,,,,,,,,30,4,,,,,30,4
2020-03-25,72.1,,,,,,,,,,,,,,,,,,,,,,,,,,,,,,,,,,,,,,,,,,,,,,,,,,,,,,,,,,,,,,,,,,,,,,,,,30,4,,,,,30,4
2020-03-26,71.9,,,,,,,,,,,,,,,,,,,,,,,,,,,,,,,,,,,,,,,,,,,,,,,,,,,,,,,,,,,,,,,,,,,,,,,,,30,4,,,,,,
2020-03-27,72.5,,,,,,,,,,,,,,,,,,,,,,,,,,,,,,,,,,,,,,,,,,,,,,,,,,,,,,,,,,,,,,,,,,,,,,,,,30,4,,,,,30,4
2020-03-28,71.7,,,,,,,,,,,,,,,,,,,,,,,,,,,,,,,,,,,,,,,,,,,,,,,,,,,,,,,,,,,,,,,,,,,,,,,,,30,4,,,,,,
2020-03-29,72.4,,,,,,,,,,,,,,,,,,,,,,,,,,,,,,,,,,,,,,,,,,,,,,,,,,,,,,,,,,,,,,,,,,,,,,,,,30,4,,,,,30,4
2020-03-30,72.2,,,,,,,,,,,,,,,,,,,,,,,,,,,,,,,,,,,,,,,,,,,,,,,,,,,,,,,,,,,,,,,,,,,,,,,,,30,4,,,,,30,4
2020-03-31,72.5,,,,,,,,,,,,,,,,,,,,,,,,,,,,,,,,,,,,,,,,,,,,,,,,,,,,,,,,,,,,,,,,,,,,,,,,,,,,,,,30,4
2020-04-01,72.4,,,,,,,,,,,,,,,,,,,,,,,,,,,,,,,,,,,,,,,,,,,,,,,,,,,,,,,,,,,,,,,,,,,,,,,,,30,4,,,20,1,30,4
2020-04-02,72.5,,,,,,,,,,,,,,,,,,,,,,,,,,,,,,,,,,,,,,,,,,,,,,,,,,,,,,,,,,,,,,,,,,,,,,,,,30,4,25,3,15,1,,
2020-04-03,,,,,,,,,,,,,,,,,,,,,,,,,,,,,,,,,,,,,,,,,,,,,,,,,,,,,,,,,,,,,,,,,,,,,,,,,,,,25,3,15,1,,
2020-04-04,72.9,,,,,,,,,,,,,,,,,,,,,,,,,,,,,,,,,,,,,,,,,,,,,,,,,,,,,,,,,,,,,,,,,,,,,,,,,,,25,4,15,1,,
2020-04-05,72.3,,,,,,,,,,,,,,,,,,,,,,,,,,,,,,,,,,,,,,,,,,,,,,,,,,,,,,,,,,,,,,,,,,,,,,,,,30,4,25,4,15,1,,
2020-04-06,73,,,,,,,,,,,,,,,,,,,,,,,,,,,,,,,,,,,,,,,,,,,,,,,,,,,,,,,,,,,,,,,,,,,,,,,,,30,4,25,4,15,1,,
2020-04-07,73.3,,,,,,,,,,,,,,,,,,,,,,,,,,,,,,,,,,,,,,,,,,,,,,,,,,,,,,,,,,,,,,,,,,,,,,,,,,,25,4,15,1,,
2020-04-08,73.3,,,,,,,,,,,,,,,,,,,,,,,,,,,,,,,,,,,,,,,,,,,,,,,,,,,,,,,,,,,,,,,,,,,,,,,,,,,30,4,15,1,,
2020-04-09,72.7,,,,,,,,,,,,,,,,,,,,,,,,,,,,,,,,,,,,,,,,,,,,,,,,,,,,,,,,,,,,,,,,,,,,,,,,,30,4,30,4,15,1,,
2020-04-10,72.1,,,,,,,,,,,,,,,,,,,,,,,,,,,,,,,,,,,,,,,,,,,,,,,,,,,,,,,,,,,,,,,,,,,,,,,,,30,4,30,4,20,1,,
2020-04-11,72.2,,,,,,,,,,,,,,,,,,,,,,,,,,,,,,,,,,,,,,,,,,,,,,,,,,,,,,,,,,,,,,,,,,,,,,,,,,,35,4,25,1,,
2020-04-12,72.3,,,,,,,,,,,,,,,,,,,,,,,,,,,,,,,,,,,,,,,,,,,,,,,,,,,,,,,,,,,,,,,,,,,,,,,,,,,35,4,20,1,,
2020-04-13,72.2,,,,,,,,,,,,,,,,,,,,,,,,,,,,,,,,,,,,,,,,,,,,,,,,,,,,,,,,,,,,,,,,,,,,,,,,,30,4,30,4,20,1,,
2020-04-14,72.8,,,,,,,,,,,,,,,,,,,,,,,,,,,,,,,,,,,,,,,,,,,,,,,,,,,,,,,,,,,,,,,,,,,,,,,,,,,30,4,20,1,,
2020-04-15,73.3,,,,,,,,,,,,,,,,,,,,,,,,,,,,,,,,,,,,,,,,,,,,,,,,,,,,,,,,,,,,,,,,,,,,,,,,,,,30,4,20,1,,
2020-04-16,73.3,,,,,,,,,,,,,,,,,,,,,,,,,,,,,,,,,,,,,,,,,,,,,,,,,,,,,,,,,,,,,,,,,,,,,,,,,,,30,4,20,1,,
2020-04-17,72.6,,,,,,,,,,,,,,,,,,,,,,,,,,,,,,,,,,,,,,,,,,,,,,,,,,,,,,,,,,,,,,,,,,,,,,,,,30,4,30,4,30,1,,
2020-04-18,72.2,,,,,,,,,,,,,,,,,,,,,,,,,,,,,,,,,,,,,,,,,,,,,,,,,,,,,,,,,,,,,,,,,,,,,,,,,30,4,30,4,30,1,,
2020-04-19,71.7,,,,,,,,,,,,,,,,,,,,,,,,,,,,,,,,,,,,,,,,,,,,,,,,,,,,,,,,,,,,,,,,,,,,,,,,,30,4,20,3,20,1,,
2020-04-20,72.7,,,,,,,,,,,,,,,,,,,,,,,,,,,,,,,,,,,,,,,,,,,,,,,,,,,,,,,,,,,,,,,,,,,,,,,,,,,30,4,20,1,,
2020-04-21,72.7,,,,,,,,,,,,,,,,,,,,,,,,,,,,,,,,,,,,,,,,,,,,,,,,,,,,,,,,,,,,,,,,,,,,,,,,,,,30,4,20,1,,
2020-04-22,72.6,,,,,,,,,,,,,,,,,,,,,,,,,,,,,,,,,,,,,,,,,,,,,,,,,,,,,,,,,,,,,,,,,,,,,,,,,,,30,4,20,1,,
2020-04-23,72.8,,,,,,,,,,,,,,,,,,,,,,,,,,,,,,,,,,,,,,,,,,,,,,,,,,,,,,,,,,,,,,,,,,,,,,,,,,,30,4,20,1,,
2020-04-24,72.5,,,,,,,,,,,,,,,,,,,,,,,,,,,,,,,,,,,,,,,,,,,,,,,,,,,,,,,,,,,,,,,,,,,,,,,,,30,4,30,4,20,1,,
2020-04-25,72,,,,,,,,,,,,,,,,,,,,,,,,,,,,,,,,,,,,,,,,,,,,,,,,,,,,,,,,,,,,,,,,,,,,,,,,,30,4,30,4,20,1,,
2020-04-26,72.2,,,,,,,,,,,,,,,,,,,,,,,,,,,,,,,,,,,,,,,,,,,,,,,,,,,,,,,,,,,,,,,,,,,,,,,,,30,4,30,4,20,1,,
2020-04-27,72.6,,,,,,,,,,,,,,,,,,,,,,,,,,,,,,,,,,,,,,,,,,,,,,,,,,,,,,,,,,,,,,,,,,,,,,,,,,,30,4,20,1,,
2020-04-28,73.1,,,,,,,,,,,,,,,,,,,,,,,,,,,,,,,,,,,,,,,,,,,,,,,,,,,,,,,,,,,,,,,,,,,,,,,,,30,4,,,,,,
2020-04-29,73.1,,,,,,,,,,,,,,,,,,,,,,,,,,,,,,,,,,,,,,,,,,,,,,,,,,,,,,,,,,,,,,,,,,,,,,,,,30,4,30,4,20,1,,
2020-04-30,72.7,,,,,,,,,,,,,,,,,,,,,,,,,,,,,,,,,,,,,,,,,,,,,,,,,,,,,,,,,,,,,,,,,,,,,,,,,30,4,30,4,20,1,,
2020-05-01,72.7,,,,,,,,,,,,,,,,,,,,,,,,,,,,,,,,,,,,,,,,,,,,,,,,,,,,,,,,,,,,,,,,,,,,,,,,,,,30,4,20,1,,
2020-05-02,72.7,,,,,,,,,,,,,,,,,,,,,,,,,,,,,,,,,,,,,,,,,,,,,,,,,,,,,,,,,,,,,,,,,,,,,,,,,,,30,4,20,1,,
2020-05-03,73.2,,,,,,,,,,,,,,,,,,,,,,,,,,,,,,,,,,,,,,,,,,,,,,,,,,,,,,,,,,,,,,,,,,,,,,,,,30,4,30,4,20,1,,
2020-05-04,72.5,,,,,,,,,,,,,,,,,,,,,,,,,,,,,,,,,,,,,,,,,,,,,,,,,,,,,,,,,,,,,,,,,,,,,,,,,,,30,4,,,25,4
2020-05-05,72.7,,,,,,,,,,,,,,,,,,,,,,,,,,,,,,,,,,,,,,,,,,,,,,,,,,,,,,,,,,,,,,,,,,,,,,,,,,,30,4,20,1,,
2020-05-06,72.7,,,,,,,,,,,,,,,,,,,,,,,,,,,,,,,,,,,,,,,,,,,,,,,,,,,,,,,,,,,,,,,,,,,,,,,,,,,,,,,,
2020-05-07,72.5,,,,,,,,,,,,,,,,,,,,,,,,,,,,,,,,,,,,,,,,,,,,,,,,,,,,,,,,,,,,,,,,,,,,,,,,,,,30,4,15,1,,
2020-05-08,72.9,,,,,,,,,,,,,,,,,,,,,,,,,,,,,,,,,,,,,,,,,,,,,,,,,,,,,,,,,,,,,,,,,,,,,,,,,,,30,4,15,1,25,4
2020-05-09,71.9,,,,,,,,,,,,,,,,,,,,,,,,,,,,,,,,,,,,,,,,,,,,,,,,,,,,,,,,,,,,,,,,,,,,,,,,,30,4,30,4,20,1,30,4
2020-05-10,72.2,,,,,,,,,,,,,,,,,,,,,,,,,,,,,,,,,,,,,,,,,,,,,,,,,,,,,,,,,,,,,,,,,,,,,,,,,,,25,4,20,1,25,4
2020-05-11,72.2,,,,,,,,,,,,,,,,,,,,,,,,,,,,,,,,,,,,,,,,,,,,,,,,,,,,,,,,,,,,,,,,,,,,,,,,,,,,,,,,
2020-05-12,72.7,,,,,,,,,,,,,,,,,,,,,,,,,,,,,,,,,,,,,,,,,,,,,,,,,,,,,,,,,,,,,,,,,,,,,,,,,,,,,,,25,4
2020-05-13,72.7,,,,,,,,,,,,,,,,,,,,,,,,,,,,,,,,,,,,,,,,,,,,,,,,,,,,,,,,,,,,,,,,,,,,,,,,,,,30,4,20,1,,
2020-05-14,73.1,,,,,,,,,,,,,,,,,,,,,,,,,,,,,,,,,,,,,,,,,,,,,,,,,,,,,,,,,,,,,,,,,,,,,,,,,,,,,,,25,4
2020-05-15,72.7,,,,,,,,,,,,,,,,,,,,,,,,,,,,,,,,,,,,,,,,,,,,,,,,,,,,,,,,,,,,,,,,,,,,,,,,,,,,,,,40,4
2020-05-16,72.2,,,,,,,,,,,,,,,,,,,,,,,,,,,,,,,,,,,,,,,,,,,,,,,,,,,,,,,,,,,,,,,,,,,,,,,,,30,4,25,4,20,1,25,4
2020-05-17,72.1,,,,,,,,,,,,,,,,,,,,,,,,,,,,,,,,,,,,,,,,,,,,,,,,,,,,,,,,,,,,,,,,,,,,,,,,,,,30,4,20,1,25,4
2020-05-18,72.1,,,,,,,,,,,,,,,,,,,,,,,,,,,,,,,,,,,,,,,,,,,,,,,,,,,,,,,,,,,,,,,,,,,,,,,,,,,30,4,20,1,25,4
2020-05-19,72.3,,,,,,,,,,,,,,,,,,,,,,,,,,,,,,,,,,,,,,,,,,,,,,,,,,,,,,,,,,,,,,,,,,,,,,,,,,,30,4,20,1,,
2020-05-20,72.3,,,,,,,,,,,,,,,,,,,,,,,,,,,,,,,,,,,,,,,,,,,,,,,,,,,,,,,,,,,,,,,,,,,,,,,,,,,,,,,,
2020-05-21,73.1,,,,,,,,,,,,,,,,,,,,,,,,,,,,,,,,,,,,,,,,,,,,,,,,,,,,,,,,,,,,,,,,,,,,,,,,,,,30,4,20,1,,
2020-05-22,73.1,,,,,,,,,,,,,,,,,,,,,,,,,,,,,,,,,,,,,,,,,,,,,,,,,,,,,,,,,,,,,,,,,,,,,,,,,,,30,4,20,1,25,4
2020-05-23,72.6,,,,,,,,,,,,,,,,,,,,,,,,,,,,,,,,,,,,,,,,,,,,,,,,,,,,,,,,,,,,,,,,,,,,,,,,,,,20,4,20,1,25,4
2020-05-24,72.6,,,,,,,,,,,,,,,,,,,,,,,,,,,,,,,,,,,,,,,,,,,,,,,,,,,,,,,,,,,,,,,,,,,,,,,,,,,,,60,4,15,5
2020-05-25,73.1,,,,,,,,,,,,,,,,,,,,,,,,,,,,,,,,,,,,,,,,,,,,,,,,,,,,,,,,,,,,,,,,,,,,,,,,,,,,,,,,
2020-05-26,74.1,,,,,,,,,,,,,,,,,,,,,,,,,,,,,,,,,,,,,,,,,,,,,,,,,,,,,,,,,,,,,,,,,,,,,,,,,,,30,4,20,1,25,4
2020-05-27,73.7,,,,,,,,,,,,,,,,,,,,,,,,,,,,,,,,,,,,,,,,,,,,,,,,,,,,,,,,,,,,,,,,,,,,,,,,,,,30,4,20,1,,
2020-05-28,74,,,,,,,,,,,,,,,,,,,,,,,,,,,,,,,,,,,,,,,,,,,,,,,,,,,,,,,,,,,,,,,,,,,,,,,,,,,,,,,35,4
2020-05-29,73.4,,,,,,,,,,,,,,,,,,,,,,,,,,,,,,,,,,,,,,,,,,,,,,,,,,,,,,,,,,,,,,,,,,,,,,,,,,,15,4,60,4,,
2020-05-30,72.4,,,,,,,,,,,,,,,,,,,,,,,,,,,,,,,,,,,,,,,,,,,,,,,,,,,,,,,,,,,,,,,,,,,,,,,,,,,,,75,4,,
2020-05-31,73.1,,,,,,,,,,,,,7,3,3,3,,,,,,,,,,,,,,,,,,,,,,,,,,,,,,,40,5,20,5,,,,,,,,,,,,,,,,,,,,,,,,,,,,,,
2020-06-01,72.7,,,,,,,,,,,,,,,,,,,,,,,,,,,,,,,,,,,,,,,,,,,,,,,,,,,,,,,,,,,,,,,,,,,,,,,45,4,,,,,60,3,,
2020-06-02,72.7,,,,,,,,,,,,,,,,,,,,,,,,,,,,,,,,,,,,,,,,,,,,,,,,,,,,,,,,,,,,,,,,,,,,,,,60,4,20,4,,,,,,
2020-06-03,73.2,,,,,,,3,3,4,3,,,,,,,,,,,,,,,,,,,,,,,,,,,,,,,30,5,30,5,,,,,,,,,,,,,,,,,,,,,,,,,,,45,4,20,4,,,20,1,,
2020-06-04,71.9,,,,,,,,,,,,,,,,,,,,,,,,,,,,,,,,,,,,,,,,,,,,,,,,,,,,,,,,,,,,,,,,,,,,,,,,,,,,,,,,
2020-06-05,72.9,,,,,,,,,,,,,,,,,,,,,,,,,,,,,,,,,,,,,,,,,,,,,,,,,,,,,,,,,,,,,,,,,,,,,,,,,,,,,,,,
2020-06-06,73.5,,,,,,,,,,,,,,,,,,,,,,,,,,,,,,,,,,,,,,,,,,,,,,,,,,,,,,,,,,,,,,,,,,,,,,,60,3,,,,,,,,
2020-06-07,72.8,,,,,,,,,,,,,,,,,,,,,,,,,,,,,,,,,,,,,,,,,,,,,,,,,,,,,,,,,,,,,,,,,,,,,,,,,,,,,,,,
2020-06-08,73.4,,,,,,,,,,,,,,,,,,,,,,,,,,,,,,,,,,,,,,,,,,,,,,,,,,,,,,,,,,,,,,,,,,,,,,,,,,,30,4,20,1,,
2020-06-09,73.4,,,,,,,,,,,,,,,,,,,,,,,,,,,,,,,,,,,,,,,,,,,,,,,,,,,,,,,,,,,,,,,,,,,,,,,,,,,30,4,20,1,,
2020-06-10,73.8,,,,,,,,,,,,,,,,,,,,,,,,,,,,,,,,,,,,,,,,,,,,,,,,,,,,,,,,,,,,,,,,,,,,,,,45,4,,,,,15,3,25,4
2020-06-11,73.8,,,,,,,,,,,,,,,,,,,,,,,,,,,,,,,,,,,,,,,,,,,,,,,,,,,,,,,,,,,,,,,,,,,,,,,,,,,30,4,,,,
2020-06-12,73.3,,,,,,,,,,,,,,,,,,,,,,,,,,,,,,,,,,,,,,,,,,,,,,,,,,,,,,,,,,,,,,,,,,,,,,,45,4,,,,,75,3,,
2020-06-13,72.8,3,0,,,,,,,,,,,,,4,3,,,,,,,,,,,,,,,,,,,25,5,,,,,,,,,,,,,35,5,,,,,,,,,,,,,,,,,,,,,50,4,,,,,10,3,,
2020-06-14,71.7,,,,,,,,,,,,,,,,,,,,,,,,,,,,,,,,,,,,,,,,,,,,,,,,,,,,,,,,,,,,,,,,,,,,,,,,,,,,,70,4,,
2020-06-15,71.9,,,,,,,,,,,,,,,,,,,,,,,,,,,,,,,,,,,,,,,,,,,,,,,,,,,,,,,,,,,,,,,,,,,,,,,50,4,,,,,20,2,,
2020-06-16,72.3,,,,,,,,,,,,,,,,,,,,,,,,,,,,,,,,,,,,,,,,,,,,,,,,,,,,,,,,,,,,,,,,,,,,,,,,,,,,,,,,
2020-06-17,72.9,,,,,,,,,,,,,,,,,,,,,,,,,,,,,,,,,,,,,,,,,,,,,,,,,,,,,,,,,,,,,,,,,,,,,,,,,,,30,4,20,1,,
2020-06-18,73.3,,,,,,,,,,,,,4,1,4,1,,,,,,,,,,,,,,,,,,,,,,,,,,,,,,,30,5,40,5,,,,,,,,,,,,,,,,,,,,,,,,,,,,,,
2020-06-19,72.8,,,,,,,,,,,,,,,,,,,,,,,,,,,,,,,,,,,,,,,,,,,,,,,,,,,,,,,,,,,,,,,,,,,,,,,50,4,,,,,70,3.571428571428571,,
2020-06-20,72.6,,,,,,,,,,,,,,,,,,,,,,,,,,,,,,,,,,,,,,,,,,,,,,,,,,,,,,,,,,,,,,,,,,,,,,,50,4,,,,,10,1,,
2020-06-21,72.7,,,,,,,,,,,,,,,,,,,,,,,,,,,,,,,,,,,,,,,,,,,,,,,,,,,,,,,,,,,,,,,,,,,,,,,,,,,,,,,30,5
2020-06-22,72.7,,,,,,,,,,,,,,,,,,,,,,,,,,,,,,,,,,,,,,,,,,,,,,,,,,,,,,,,,,,,,,,,,,,,,,,,,,,,,,,,
2020-06-23,74.3,,,,,,,,,,,,,,,,,,,,,,,,,,,,,,,,,,,,,,,,,,,,,,,,,,,,,,,,,,,,,,,,,,,,,,,,,,,30,4,20,1,,
2020-06-24,73.6,,,,,,,,,,,,,,,,,,,,,,,,,,,,,,,,,,,,,,,,,,,,,,,,,,,,,,,,,,,,,,,,,,,,,,,50,4,,,,,15,2,,
2020-06-25,72.6,,,,,,,,,,,,,2,2,,,,,,,,,,,,,,,,,,,,,,,,,,,,,,,,,15,5,,,,,,,,,,,,,,,,,,,,,,,,,,,,,60,3,,
2020-06-26,72.6,,,,,,,,,,,,,,,,,,,,,,,,,,,,,,,,,,,,,,,,,,,,,,,,,,,,,,,,,,,,,,,,,,,,,,,60,4,,,,,60,3,,
2020-06-27,72.6,,,,,,,,,,,,,,,,,,,,,,,,,,,,,,,,,,,,,,,,,,,,,,,,,,,,,,,,,,,,,,,,,,,,,,,60,4,20,4,,,,,,
2020-06-28,72.6,,,,,,,,,,,,,,,,,,,,,,,,,,,,,,,,,,,,,,,,,,,,,,,,,,,,,,,,,,,,,,,,,,,,,,,,,,,,,,,30,5
2020-06-29,72.8,,,,,,,,,,,,,,,,,,,,,,,,,,,,,,,,,,,,,,,,,,,,,,,,,,,,,,,,,,,,,,,,,,,,,,,50,4,,,,,20,1,,
2020-06-30,72.1,,,,,,,,,,,,,,,,,,,,,,,,,,,,,,,,,,,,,,,,,,,,,,,,,,,,,,,,,,,,,,,,,,,,,,,,,,,,,,,,
2020-07-01,73.3,,,,,,,4,2,3,3,,,,,,,,,,,,,,,,,,,,,,,,,,,,,,,30,5,25,5,,,,,,,,,,,,,,,,,,,,,,,,,,,,,,,,,20,1,,
2020-07-02,72.9,,,,,,,,,,,,,,,,,,,,,,,,,,,,,,,,,,,,,,,,,,,,,,,,,,,,,,,,,,,,,,,,,,,,,,,50,4,,,,,,,,
2020-07-03,72.5,,,,,,,,,,,,,,,,,,,,,,,,,,,,,,,,,,,,,,,,,,,,,,,,,,,,,,,,,,,,,,,,,,,,,,,60,4,,,,,,,,
2020-07-04,72.9,2,1,3,3,,,,,,,,,,,,,,,,,,,,,,,,,,,,,,,10,5,20,5,,,,,,,,,,,,,,,,,,,,,,,,,,,,,,,,,60,4,,,,,30,4,,
2020-07-05,72.1,,,,,,,,,,,,,,,,,,,,,,,,,,,,,,,,,,,,,,,,,,,,,,,,,,,,,,,,,,,,,,,,,,,,,,,,,,,,,,,25,5
2020-07-06,72.8,,,,,,,,,,,,,3,0,,,,,,,,,,,5,3,,,,,,,,,,,,,,,,,,,,,20,5,,,,,,,,,,,40,5,,,,,,,,,,,,,,,,,30,2,,
2020-07-07,71.8,,,,,,,,,,,,,,,,,,,,,,,,,5,2,,,,,,,,,,,,,,,,,,,,,,,,,,,,,,,,,40,5,,,,,,,,,,,50,4,,,,,,,,
2020-07-08,70.9,,,,,,,,,,,,,,,,,,,,,,,,,,,,,,,,,,,,,,,,,,,,,,,,,,,,,,,,,,,,,,,,,,,,,,,,,,,,,,,,
2020-07-09,71.3,,,,,,,,,,,,,,,5,2,,,,,,,,,,,,,,,,,,,,,,,,,,,,,,,,,40,5,,,,,,,,,,,,,,,,,,,,,50,4,,,,,,,,
2020-07-10,70.5,,,,,,,,,,,,,,,,,,,,,,,,,,,,,,,,,,,,,,,,,,,,,,,,,,,,,,,,,,,,,,,,,,,,,,,60,4,,,,,,,,
2020-07-11,71.4,2,2,4,3,,,,,,,,,3,0,,,,,,,,,,,,,,,,,,,,,15,5,30,5,,,,,,,,,20,5,,,,,,,,,,,,,,,,,,,,,,,,,,,,,30,4,,
2020-07-12,71.8,,,,,,,,,,,,,,,,,,,,,,,,,,,,,,,,,,,,,,,,,,,,,,,,,,,,,,,,,,,,,,,,,,,,,,,,,,,,,,,,
2020-07-13,73,,,,,,,,,,,,,1,1,5,2,,,,,,,,,,,,,,,,,,,,,,,,,,,,,,,10,5,70,5,,,,,,,,,,,,,,,,,,,,,,,,,,,20,3,,
2020-07-14,71.6,,,,,,,,,,,,,,,,,,,,,,,,,,,,,,,,,,,,,,,,,,,,,,,,,,,,,,,,,,,,,,,,,,,,,,,,,,,,,,,,
2020-07-15,72.8,,,,,,,,,,,,,5,1,,,,,,,,,,,,,,,,,,,,,,,,,,,,,,,,,30,5,,,,,,,,,,,,,,,,,,,,,,,60,4,,,,,,,,
2020-07-16,71.5,,,,,,,,,,,,,3,1,4,1,,,,,,,,,,,,,,,,,,,,,,,,,,,,,,,20,5,30,5,,,,,,,,,,,,,,,,,,,,,45,4,,,,,15,3,,
2020-07-17,70.8,,,,,,,,,,,,,,,,,,,,,,,,,,,,,,,,,,,,,,,,,,,,,,,,,,,,,,,,,,,,,,,,,,,,,,,50,4,,,,,,,,
2020-07-18,71.6,3,1,3,3,,,,,,,,,,,,,,,,,,,,,,,,,,,,,,,30,5,20,5,,,,,,,,,,,,,,,,,,,,,,,,,,,,,,,,,,,,,,,10,3,,
2020-07-19,70.9,,,,,,,,,,,,,,,,,,,,,,,,,,,,,,,,,,,,,,,,,,,,,,,,,,,,,,,,,,,,,,,,,,,,,,,,,,,,,,,25,5
2020-07-20,72,5,4,,,,,,,,,,,,,5,3,,,,,,,,,,,,,,,,,,,30,5,,,,,,,,,,,,,30,5,,,,,,,,,,,,,,,,,,,,,,,,,,,15,3,,
2020-07-21,71.4,,,,,,,,,,,,,,,,,,,,,,,,,,,,,,,,,,,,,,,,,,,,,,,,,,,,,,,,,,,,,,,,,,,,,,,60,4,,,,,,,,
2020-07-22,71.4,,,,,,,,,,,,,,,,,,,,,,,,,,,,,,,,,,,,,,,,,,,,,,,,,,,,,,,,,,,,,,,,,,,,,,,50,4,,,,,,,,
2020-07-23,72,,,,,,,,,,,,,,,,,,,,,,,,,,,,,,,,,,,,,,,,,,,,,,,,,,,,,,,,,,,,,,,,,,,,,,,,,,,,,,,,
2020-07-24,72.8,,,,,,,,,,,,,,,,,,,,,,,,,,,,,,,,,,,,,,,,,,,,,,,,,,,,,,,,,,,,,,,,,,,,,,,50,5,,,,,,,,
2020-07-28,72.7,,,,,,,,,,,,,3,1,,,,,,,,,,,,,,,,,,,,,,,,,,,,,,,,,30,5,,,,,,,,,,,,,,,,,,,,,,,50,4,,,,,,,,
2020-07-29,70.8,2,2,,,,,,,,,,,,,,,,,2,2,,,,,,,,,,,,,,,20,5,,,,,,,,,,,,,,,,,15,5,,,,,,,,,,,,,,,,,50,4,,,,,,,,
2020-07-30,70.2,,,,,,,,,,,,,1,0,3,3,,,,,,,,,,,,,,,,,,,,,,,,,,,,,,,10,5,20,5,,,,,,,,,,,,,,,,,,,,,50,4,,,,,,,,
2020-07-31,70.5,,,,,,,,,2,2,,,3,0,,,,,,,,,,,,,,,,,,,,,,,,,,,,,30,5,,,20,5,,,,,,,,,,,,,,,,,,,,,,,,,,,,,20,3,,
2020-08-01,70.9,6,1,,,,,,,,,,,,,,,,,,,,,,,,,,,,,,,,,40,5,,,,,,,,,,,,,,,,,,,,,,,,,,,,,,,,,,,,,,,,,20,4,,
2020-08-03,72.7,4,2,3,0,,,,,,,,,,,,,,,,,,,,,,,,,,,,,,,30,5,30,5,,,,,,,,,,,,,,,,,,,,,,,,,,,,,,,,,,,,,,,,,,
2020-08-04,72.1,,,,,,,,,,,,,,,,,,,,,,,,,,,,,,,,,,,,,,,,,,,,,,,,,,,,,,,,,,,,,,,,,,,,,,,,,,,,,,,,
2020-08-05,72.6,,,,,,,3,2,,,,,,,,,,,,,,,,,,,,,,,,,,,,,,,,,25,5,,,,,,,,,,,,,,,,,,,,,,,,,,,,,45,4,,,,,,,,
2020-08-06,71.6,,,,,,,,,,,,,,,,,,,,,,,,,,,,,,,,,,,,,,,,,,,,,,,,,,,,,,,,,,,,,,,,,,,,,,,50,5,,,,,,,,
2020-08-07,70.6,,,,,,,,,,,,,5,2,3,0,,,,,,,,,,,,,,,,,,,,,,,,,,,,,,,45,5,25,5,,,,,,,,,,,,,,,,,,,,,,,,,,,,,,
2020-08-08,70.6,,,,,,,,,,,,,,,,,,,,,,,,,,,,,,,,,,,,,,,,,,,,,,,,,,,,,,,,,,,,,,,,,,,,,,,,,,,,,,,,
2020-08-11,,,,,,,,,,,,,,,,,,,,,,,,,,,,,,,,,,,,,,,,,,,,,,,,,,,,,,,,,,,,,,,,,,,,,,,,,,,,,,60,3,,
2020-08-12,,,,,,,,,,,,,,,,,,,,,,,,,,,,,,,,,,,,,,,,,,,,,,,,,,,,,,,,,,,,,,,,,,,,,,,,,,,,,,60,3,,
2020-08-14,71.8,,,,,,,,,,,,,,,,,,,,,,,,,,,,,,,,,,,,,,,,,,,,,,,,,,,,,,,,,,,,,,,,,,,,,,,,,40,4,30,4,,,,
2020-08-15,71.8,,,,,,,,,,,,,,,,,,,,,,,,,,,,,,,,,,,,,,,,,,,,,,,,,,,,,,,,,,,,,,,,,,,,,,,,,40,4,30,4,,,,
2020-08-16,71.7,,,,,,,,,,,,,,,,,,,,,,,,,,,,,,,,,,,,,,,,,,,,,,,,,,,,,,,,,,,,,,,,,,,,,,,,,45,4,,,,,,
2020-08-17,72,,,,,,,,,,,,,,,,,,,,,,,,,,,,,,,,,,,,,,,,,,,,,,,,,,,,,,,,,,,,,,,,,,,,,,,,,40,4,,,60,4,,
2020-08-18,,,,,,,,,,,,,,,,,,,,,,,,,,,,,,,,,,,,,,,,,,,,,,,,,,,,,,,,,,,,,,,,,,,,,,,,,,60,4,,,240,4,,
2020-08-19,,,,,,,,,,,,,,,,,,,,,,,,,,,,,,,,,,,,,,,,,,,,,,,,,,,,,,,,,,,,,,,,,,,,,,,,,,40,4,,,240,4,,
2020-08-20,,,,,,,,,,,,,,,,,,,,,,,,,,,,,,,,,,,,,,,,,,,,,,,,,,,,,,,,,,,,,,,,,,,,,,,,,,40,4,,,240,4,,
2020-08-21,,,,,,,,,,,,,,,,,,,,,,,,,,,,,,,,,,,,,,,,,,,,,,,,,,,,,,,,,,,,,,,,,,,,,,,,,,60,4,,,180,4,,
2020-08-22,,,,,,,,,,,,,,,,,,,,,,,,,,,,,,,,,,,,,,,,,,,,,,,,,,,,,,,,,,,,,,,,,,,,,,,,,,,,,,90,4,,
2020-08-23,,,,,,,,,,,,,,,,,,,,,,,,,,,,,,,,,,,,,,,,,,,,,,,,,,,,,,,,,,,,,,,,,,,,,,,,,,,,,,90,4,,
2020-08-24,,,,,,,,,,,,,,,,,,,,,,,,,,,,,,,,,,,,,,,,,,,,,,,,,,,,,,,,,,,,,,,,,,,,,,,,,,90,4,,,240,4,,
2020-08-25,71.6,,,,,,,,,,,,,,,5,2,,,,,,,,,,,,,,,,,,,,,,,,,,,,,,,,,45,5,,,,,,,,,,,,,,,,,,,,,,,,,,,,,,
2020-08-26,71.6,,,,,,,,,,,,,,,,,,,,,,,,,,,,,,,,,,,,,,,,,,,,,,,,,,,,,,,,,,,,,,,,,,,,,,,45,4,,,,,,,,
2020-08-27,72.7,,,,,,,,,,,,,,,,,,,,,,,,,,,,,,,,,,,,,,,,,,,,,,,,,,,,,,,,,,,,,,,,,,,,,,,,,,,20,4,45,4,,
2020-08-28,72.7,,,,,,,,,,,,,4,2,,,,,,,,,,,,,,,,,,,,,,,,,,,,,,,,,25,5,,,,,,,,,,,,,,,,,,,,,,,45,4,,,,,20,4,,
2020-08-29,73,,,4,3,,,,,,,,,1,1,,,,,,,,,,,,,,,,,,,,,,,35,5,,,,,,,,,10,5,,,,,,,,,,,,,,,,,,,,,,,,,,,10,4,50,4,,
2020-08-30,71.9,,,,,,,,,,,,,,,,,,,,,,,,,,,,,,,,,,,,,,,,,,,,,,,,,,,,,,,,,,,,,,,,,,,,,,,,,,,,,,,,
2020-08-31,73,,,,,,,,,,,,,3,2,4,3,,,,,,,,,,,,,,,,,,,,,,,,,,,,,,,50,5,60,5,,,,,,,,,,,,,,,,,,,,,,,30,4,,,,,,
2020-09-01,71.3,,,,,,,,,,,,,,,,,,,,,,,,,,,,,,,,,,,,,,,,,,,,,,,,,,,,,,,,,,,,,,,,,,,,,,,45,4,,,10,4,,,,
2020-09-02,70.5,,,,,,,,,,,,,,,,,,,,,,,,,,,,,,,,,,,,,,,,,,,,,,,,,,,,,,,,,,,,,,,,,,,,,,,,,40,4,,,,,,
2020-09-03,72.3,,,,,,,,,,,,,3,2,,,,,,,,,,,,,,,,,,,,,,,,,,,,,,,,,15,5,,,,,,,,,,,,,,,,,,,,,,,45,4,,,10,4,,,,
2020-09-04,71.4,,,,,,,,,,,,,5,3,3,0,,,,,,,,,,,,,,,,,,,,,,,,,,,,,,,35,5,25,5,,,,,,,,,,,,,,,,,,,,,,,,,,,10,4,,
2020-09-07,73.6,,,,,,,,,,,,,2,2,4,3,,,,,,,,,,,,,,,,,,,,,,,,,,,,,,,15,5,30,5,,,,,,,,,,,,,,,,,,,,,,,,,15,4,,,,
2020-09-08,72.8,,,,,,,,,,,,,,,,,,,,,,,,,,,,,,,,,,,,,,,,,,,,,,,,,,,,,,,,,,,,,,,,,,,,,,,,,40,4,,,,,,
2020-09-09,73.8,,,,,,,,,,,,,,,,,,,,,,,,,,,,,,,,,,,,,,,,,,,,,,,,,,,,,,,,,,,,,,,,,,,,,,,45,4,,,15,4,,,,
2020-09-10,72.6,,,,,,,2,1,4,3,,,,,,,,,,,,,,,,,,,,,,,,,,,,,,,15,5,45,5,,,,,,,,,,,,,,,,,,,,,,,,,,,45,4,,,,,,,,
2020-09-11,70.5,,,,,,,,,,,,,3,0,5,2,,,,,,,,,,,,,,,,,,,,,,,,,,,,,,,10,5,35,5,,,,,,,,,,,,,,,,,,,,,,,,,,,,,,
2020-09-12,71.4,,,,,,,,,,,,,,,,,,,,,,,,,,,,,,,,,,,,,,,,,,,,,,,,,,,,,,,,,,,,,,,,,,,,,,,,,,,,,,,,
2020-09-14,73.6,,,,,,,,,,,,,,,5,2,,,,,,,,,,,,,,,,,,,,,,,,,,,,,,,,,45,5,,,,,,,,,,,,,,,,,,,,,,,,,15,4,,,,
2020-09-15,72.4,,,,,,,,,,,,,,,,,,,,,,,,,,,,,,,,,,,,,,,,,,,,,,,,,,,,,,,,,,,,,,,,,,,,,,,45,4,,,,,,,,
2020-09-16,72.4,,,,,,,,,,,,,,,,,,,,,,,,,,,,,,,,,,,,,,,,,,,,,,,,,,,,,,,,,,,,,,,,,,,,,,,45,4,10,4,,,,,,
2020-09-17,72.4,,,3,0,,,,,,,,,2,1,,,,,,,,,,,,,,,,,,,,,,,30,5,,,,,,,,,15,5,,,,,,,,,,,,,,,,,,,,,,,,,15,4,,,,,,
2020-09-18,71.5,1,1,5,3,,,,,,,,,,,,,,,,,,,,,,,,,,,,,,,5,5,40,5,,,,,,,,,,,,,,,,,,,,,,,,,,,,,,,,,,,,,,,,,,
2020-09-19,72.1,,,,,,,,,,,,,,,,,,,,,,,,,,,,,,,,,,,,,,,,,,,,,,,,,,,,,,,,,,,,,,,,,,,,,,,,,,,,,,,,
2020-09-21,72.1,,,,,,,,,,,,,2,0,3,0,,,,,,,,,,,,,,,,,,,,,,,,,,,,,,,20,4,25,5,,,,,,,,,,,,,,,,,,,,,,,,,15,4,,,,
2020-09-22,72.5,,,,,,,,,,,,,,,,,,,,,,,,,,,,,,,,,,,,,,,,,,,,,,,,,,,,,,,,,,,,,,,,,,,,,,,45,5,,,,,,,,
2020-09-23,72,,,,,,,,,,,,,,,,,,,,,,,,,,,,,,,,,,,,,,,,,,,,,,,,,,,,,,,,,,,,,,,,,,,,,,,45,5,10,4,,,,,,
2020-09-24,70.9,,,,,,,,,4,3,,,,,,,,,,,,,,,,,,,,,,,,,,,,,,,,,45,5,,,,,,,,,,,,,,,,,,,,,,,,,,,,,15,4,,,,,,
2020-09-25,71.3,,,,,,,,,,,,,,,,,,,,,,,,,,,,,,,,,,,,,,,,,,,,,,,,,,,,,,,,,,,,,,,,,,,,,,,,,,,,,60,4,,
2020-09-26,,,,,,,,,,,,,,,,,,,,,,,,,,,,,,,,,,3,3,,,,,,,,,,,,,,,,,,,,,,,,,,,,,,,,,80,5,,,,,,,,,,,,
2020-09-28,72.9,,,,,,,,,,,,,,,,,,,,,,,,,,,,,,,,,,,,,,,,,,,,,,,,,,,,,,,,,,,,,,,,,,,,,,,45,4,,,,,,,,
2020-09-29,72.9,,,,,,,,,,,,,,,,,,,,,,,,,,,,,,,,,,,,,,,,,,,,,,,,,,,,,,,,,,,,,,,,,,,,,,,,,40,4,,,,,,
2020-09-30,72.9,,,,,,,,,,,,,5,1,3,0,,,,,,,,,,,,,,,,,,,,,,,,,,,,,,,60,5,30,5,,,,,,,,,,,,,,,,,,,,,,,,,,,,,,
2020-10-01,71.4,,,,,,,3,2,,,,,,,,,,,,,,,,,,,,,,,,,,,,,,,,,45,5,,,,,,,,,,,,,,,,,,,,,,,,,,,,,45,4,,,,,,,,
2020-10-02,70.5,,,,,,,,,,,,,1,0,5,2,,,,,,,,,,,,,,,,,,,,,,,,,,,,,,,10,5,50,5,,,,,,,,,,,,,,,,,,,,,,,,,,,,,,
2020-10-03,70.5,,,,,,,,,,,,,,,,,,,,,,,,,,,,,,,,,,,,,,,,,,,,,,,,,,,,,,,,,,,,,,,,,,,,,,,,,,,,,60,4,,
2020-10-04,70.5,,,,,,,,,,,,,,,,,,,,,,,,,,,,,,,,,,,,,,,,,,,,,,,,,,,,,,,,,,,,,,,,,,,,,,,,,,,,,,,,
2020-10-05,71.3,,,,,,,,,,,,,,,,,,,,,,,,,,,,,,,,,,,,,,,,,,,,,,,,,,,,,,,,,,,,,,,,,,,,,,,,,40,4,,,,,,
2020-10-06,72.6,,,,,,,,,,,,,,,,,,,,,,,,,,,,,,,,,,,,,,,,,,,,,,,,,,,,,,,,,,,,,,,,,,,,,,,45,4,,,,,,,,
2020-10-07,72.2,,,,,,,,,,,,,,,,,,,,,,,,,,,,,,,,,,,,,,,,,,,,,,,,,,,,,,,,,,,,,,,,,,,,,,,45,4,15,3,,,,,,
2020-10-08,71.7,,,,,,,,,,,,,4,0,3,0,,,,,,,,,,,,,,,,,,,,,,,,,,,,,,,40,5,25,5,,,,,,,,,,,,,,,,,,,,,,,,,,,15,4,,
2020-10-09,70.7,,,,,,,,,,,,,4,2,,,,,,,,,,,,,,,,,,,,,,,,,,,,,,,,,45,5,,,,,,,,,,,,,,,,,,,,,,,,,,,,,,,,
2020-10-10,71.3,1,0,4,3,,,,,,,,,,,,,,,,,,,,,,,,,,,,,,,10,5,35,5,,,,,,,,,,,,,,,,,,,,,,,,,,,,,,,,,,,,,,,60,5,,
2020-10-11,70.5,1,1,4,3,,,,,,,,,,,,,,,,,,,,,,,,,,,,,,,5,5,40,5,,,,,,,,,,,,,,,,,,,,,,,,,,,,,,,,,,,,,,,,,,
2020-10-12,71.8,,,,,,,,,,,,,,,,,,,,,,,,,,,,,,,,,,,,,,,,,,,,,,,,,,,,,,,,,,,,,,,,,,,,,,,,,,,,,,,,
2020-10-13,72.8,,,,,,,,,,,,,1,0,4,1,,,,,,,,,,,,,,,,,,,,,,,,,,,,,,,10,5,35,5,,,,,,,,,,,,,,,,,,,,,,,,,,,,,,
2020-10-14,72.8,,,,,,,,,,,,,,,,,,,,,,,,,,,,,,,,,,,,,,,,,,,,,,,,,,,,,,,,,,,,,,,,,,,,,,,45,4,,,,,,,,
2020-10-15,72.8,,,,,,,,,,,,,,,,,,,,,4,1,,,,,,,,,,,,,,,,,,,,,,,,,,,,,,,,,45,5,,,,,,,,,,,,,,,,,,,,,,,,
2020-10-16,72.3,,,,,,,,,,,,,3,0,,,,,,,,,,,,,,,,,,,,,,,,,,,,,,,,,20,5,,,,,,,,,,,,,,,,,,,,,,,45,4,,,,,,,,
2020-10-17,71.7,,,,,,,,,,,,,,,,,,,3,3,5,3,,,,,,,,,,,,,,,,,,,,,,,,,,,,,,,25,5,40,5,,,,,,,,,,,,,,,,,,,,,45,4,,
2020-10-18,71.7,,,,,,,,,,,,,3,2,4,1,,,,,,,4,0,,,,,,,,,,,,,,,,,,,,,,,20,5,35,5,,,,,,,25,5,,,,,,,,,,,,,,,,,,,,,,
2020-10-19,72,,,,,,,,,,,,,,,,,,,,,,,,,,,,,,,,,,,,,,,,,,,,,,,,,,,,,,,,,,,,,,,,,,,,,,,,,,,,,,,,
2020-10-20,73.4,,,,,,,,,,,,,,,,,,,,,,,,,,,,,,,,,,,,,,,,,,,,,,,,,,,,,,,,,,,,,,,,,,,,,,,,,,,,,,,,
2020-10-21,73.9,,,,,,,,,,,,,,,,,,,,,,,,,,,,,,,,,,,,,,,,,,,,,,,,,,,,,,,,,,,,,,,,,,,,,,,,,,,,,80,4,,
2020-10-22,73.3,,,,,,,,,,,,,,,,,,,,,,,,,,,,,,,,,,,,,,,,,,,,,,,,,,,,,,,,,,,,,,,,,,,,,,,,,,,,,,,25,4
2020-10-23,72.4,,,,,,,,,,,,,,,,,,,,,,,,,,,,,,,,,,,,,,,,,,,,,,,,,,,,,,,,,,,,,,,,,,,,,,,,,,,,,,,,
2020-10-24,73.6,,,,,,,,,,,,,,,,,,,,,,,,,,,,,,,,,,,,,,,,,,,,,,,,,,,,,,,,,,,,,,,,,,,,,,,,,15,4,,,80,5,,
2020-10-25,72.3,,,,,,,,,,,,,,,,,,,,,,,,,,,,,,,,,,,,,,,,,,,,,,,,,,,,,,,,,,,,,,,,,,,,,,,,,,,,,70,5,,
2020-10-26,72.5,,,,,,,,,,,,,,,,,,,,,,,,,,,,,,,,,,,,,,,,,,,,,,,,,,,,,,,,,,,,,,,,,,,,,,,,,,,,,,,,
2020-10-27,73.3,,,,,,,,,,,,,,,,,,,,,,,,,,,,,,,,,,,,,,,,,,,,,,,,,,,,,,,,,,,,,,,,,,,,,,,,,,,,,,,25,4
2020-10-28,72.5,,,,,,,,,,,,,,,,,,,,,,,,,,,,,,,,,,,,,,,,,,,,,,,,,,,,,,,,,,,,,,,,,,,,,,,,,,,,,,,,
2020-10-29,73.6,,,,,,,,,,,,,,,,,,,,,,,,,,,,,,,,,,,,,,,,,,,,,,,,,,,,,,,,,,,,,,,,,,,,,,,,,,,,,,,30,4
2020-10-30,73.1,,,,,,,,,,,,,,,,,,,,,,,,,,,,,,,,,,,,,,,,,,,,,,,,,,,,,,,,,,,,,,,,,,,,,,,,,,,,,,,30,4
2020-10-31,72.4,,,,,,,,,,,,,,,,,,,,,,,,,,,,,,,,,,,,,,,,,,,,,,,,,,,,,,,,,,,,,,,,,,,,,,,,,,,,,,,,
2020-11-01,72.2,,,,,,,,,,,,,,,,,,,,,,,,,,,,,,,,,,,,,,,,,,,,,,,,,,,,,,,,,,,,,,,,,,,,,,,,,,,,,,,,
2020-11-02,72.8,,,,,,,,,,,,,,,,,,,,,,,,,,,,,,,,,,,,,,,,,,,,,,,,,,,,,,,,,,,,,,,,,,,,,,,,,,,,,,,30,4
2020-11-03,72.8,,,,,,,,,,,,,,,,,,,,,,,,,,,,,,,,,,,,,,,,,,,,,,,,,,,,,,,,,,,,,,,,,,,,,,,,,35,4,,,,,,
2020-11-04,72.8,,,,,,,,,,,,,,,,,,,,,,,,,,,,,,,,,,,,,,,,,,,,,,,,,,,,,,,,,,,,,,,,,,,,,,,,,,,,,,,30,4
2020-11-05,72.8,,,,,,,,,,,,,,,,,,,,,,,,,,,,,,,,,,,,,,,,,,,,,,,,,,,,,,,,,,,,,,,,,,,,,,,,,,,,,,,,
2020-11-06,73.5,,,,,,,,,,,,,,,,,,,,,,,,,,,,,,,,,,,,,,,,,,,,,,,,,,,,,,,,,,,,,,,,,,,,,,,,,35,4,,,,,,
2020-11-07,73.7,,,,,,,,,,,,,,,,,,,,,,,,,,,,,,,,,,,,,,,,,,,,,,,,,,,,,,,,,,,,,,,,,,,,,,,,,,,,,,,40,5
2020-11-08,73.1,,,,,,,,,,,,,,,,,,,,,,,,,,,,,,,,,,,,,,,,,,,,,,,,,,,,,,,,,,,,,,,,,,,,,,,,,35,4,,,,,,
2020-11-09,73.2,,,,,,,,,,,,,,,,,,,,,,,,,,,,,,,,,,,,,,,,,,,,,,,,,,,,,,,,,,,,,,,,,,,,,,,,,,,,,,,25,5
2020-11-10,72.8,,,,,,,,,,,,,,,,,,,,,,,,,,,,,,,,,,,,,,,,,,,,,,,,,,,,,,,,,,,,,,,,,,,,,,,,,,,,,,,25,5
2020-11-11,72.8,,,,,,,,,,,,,,,,,,,,,,,,,,,,,,,,,,,,,,,,,,,,,,,,,,,,,,,,,,,,,,,,,,,,,,,,,,,,,,,,
2020-11-12,73,,,,,,,,,,,,,,,,,,,,,,,,,,,,,,,,,,,,,,,,,,,,,,,,,,,,,,,,,,,,,,,,,,,,,,,,,,,,,,,30,4
2020-11-13,73,,,,,,,,,,,,,,,,,,,,,,,,,,,,,,,,,,,,,,,,,,,,,,,,,,,,,,,,,,,,,,,,,,,,,,,,,,,,,,,,
2020-11-14,73,,,,,,,,,,,,,,,,,,,,,,,,,,,,,,,,,,,,,,,,,,,,,,,,,,,,,,,,,,,,,,,,,,,,,,,,,35,4,,,,,,
2020-11-15,73.1,,,,,,,,,,,,,,,,,,,,,,,,,,,,,,,,,,,,,,,,,,,,,,,,,,,,,,,,,,,,,,,,,,,,,,,,,,,,,,,40,4
2020-11-16,72.6,,,,,,,,,,,,,,,,,,,,,,,,,,,,,,,,,,,,,,,,,,,,,,,,,,,,,,,,,,,,,,,,,,,,,,,,,35,4,,,,,,
2020-11-17,73.5,,,,,,,,,,,,,,,,,,,,,,,,,,,,,,,,,,,,,,,,,,,,,,,,,,,,,,,,,,,,,,,,,,,,,,,,,,,,,,,40,5
2020-11-18,73,,,,,,,,,,,,,,,,,,,,,,,,,,,,,,,,,,,,,,,,,,,,,,,,,,,,,,,,,,,,,,,,,,,,,,,,,,,,,,,25,4
2020-11-19,73,,,,,,,,,,,,,,,,,,,,,,,,,,,,,,,,,,,,,,,,,,,,,,,,,,,,,,,,,,,,,,,,,,,,,,,,,,,,,,,,
2020-11-20,73,,,,,,,,,,,,,,,,,,,,,,,,,,,,,,,,,,,,,,,,,,,,,,,,,,,,,,,,,,,,,,,,,,,,,,,,,,,,,,,40,4
2020-11-21,72.5,,,,,,,,,,,,,,,,,,,,,,,,,,,,,,,,,,,,,,,,,,,,,,,,,,,,,,,,,,,,,,,,,,,,,,,,,35,4,,,,,,
2020-11-22,72.5,,,,,,,,,,,,,,,,,,,,,,,,,,,,,,,,,,,,,,,,,,,,,,,,,,,,,,,,,,,,,,,,,,,,,,,,,,,,,,,40,5
2020-11-23,73.5,,,,,,,,,,,,,,,,,,,,,,,,,,,,,,,,,,,,,,,,,,,,,,,,,,,,,,,,,,,,,,,,,,,,,,,,,,,,,,,,
2020-11-24,73.9,,,,,,,,,,,,,,,,,,,,,,,,,,,,,,,,,,,,,,,,,,,,,,,,,,,,,,,,,,,,,,,,,,,,,,,,,,,,,,,40,4
2020-11-25,73.3,,,,,,,,,,,,,,,,,,,,,,,,,,,,,,,,,,,,,,,,,,,,,,,,,,,,,,,,,,,,,,,,,,,,,,,,,,,,,,,,
2020-11-26,73,,,,,,,,,,,,,,,,,,,,,,,,,,,,,,,,,,,,,,,,,,,,,,,,,,,,,,,,,,,,,,,,,,,,,,,,,35,4,,,,,,
2020-11-27,73,,,,,,,,,,,,,,,,,,,,,,,,,,,,,,,,,,,,,,,,,,,,,,,,,,,,,,,,,,,,,,,,,,,,,,,,,,,,,,,40,4
2020-11-28,73,,,,,,,,,,,,,,,,,,,,,,,,,,,,,,,,,,,,,,,,,,,,,,,,,,,,,,,,,,,,,,,,,,,,,,,,,35,4,,,,,,
2020-11-29,72.6,,,,,,,,,,,,,,,,,,,,,,,,,,,,,,,,,,,,,,,,,,,,,,,,,,,,,,,,,,,,,,,,,,,,,,,,,,,,,,,40,5
2020-11-30,72.6,,,,,,,,,,,,,,,,,,,,,,,,,,,,,,,,,,,,,,,,,,,,,,,,,,,,,,,,,,,,,,,,,,,,,,,,,,,,,,,,
2020-12-01,73.2,,,,,,,,,,,,,,,,,,,,,,,,,,,,,,,,,,,,,,,,,,,,,,,,,,,,,,,,,,,,,,,,,,,,,,,,,,,,,,,,
2020-12-02,73.8,,,,,,,,,,,,,,,,,,,,,,,,,,,,,,,,,,,,,,,,,,,,,,,,,,,,,,,,,,,,,,,,,,,,,,,,,,,,,,,40,4
2020-12-03,73.8,,,,,,,,,,,,,,,,,,,,,,,,,,,,,,,,,,,,,,,,,,,,,,,,,,,,,,,,,,,,,,,,,,,,,,,,,35,4,,,,,,
2020-12-04,74.1,,,,,,,,,,,,,,,,,,,,,,,,,,,,,,,,,,,,,,,,,,,,,,,,,,,,,,,,,,,,,,,,,,,,,,,,,,,,,,,30,4
2020-12-05,73.5,,,,,,,,,,,,,,,,,,,,,,,,,,,,,,,,,,,,,,,,,,,,,,,,,,,,,,,,,,,,,,,,,,,,,,,,,,,,,,,40,5
2020-12-06,72.8,,,,,,,,,,,,,,,,,,,,,,,,,,,,,,,,,,,,,,,,,,,,,,,,,,,,,,,,,,,,,,,,,,,,,,,,,,,,,,,40,5
2020-12-07,72.6,,,,,,,,,,,,,,,,,,,,,,,,,,,,,,,,,,,,,,,,,,,,,,,,,,,,,,,,,,,,,,,,,,,,,,,,,,,,,,,,
2020-12-08,73.4,,,,,,,,,,,,,,,,,,,,,,,,,,,,,,,,,,,,,,,,,,,,,,,,,,,,,,,,,,,,,,,,,,,,,,,,,,,,,,,40,4
2020-12-09,72.8,,,,,,,,,,,,,,,,,,,,,,,,,,,,,,,,,,,,,,,,,,,,,,,,,,,,,,,,,,,,,,,,,,,,,,,,,35,4,,,,,,
2020-12-10,73.1,,,,,,,,,,,,,,,,,,,,,,,,,,,,,,,,,,,,,,,,,,,,,,,,,,,,,,,,,,,,,,,,,,,,,,,,,35,4,,,,,,
2020-12-11,73.1,,,,,,,,,,,,,,,,,,,,,,,,,,,,,,,,,,,,,,,,,,,,,,,,,,,,,,,,,,,,,,,,,,,,,,,,,,,,,,,40,5
2020-12-12,72.9,,,,,,,,,,,,,,,,,,,,,,,,,,,,,,,,,,,,,,,,,,,,,,,,,,,,,,,,,,,,,,,,,,,,,,,,,,,,,,,45,5
2020-12-13,72.8,,,,,,,,,,,,,,,,,,,,,,,,,,,,,,,,,,,,,,,,,,,,,,,,,,,,,,,,,,,,,,,,,,,,,,,,,,,,,,,,
2020-12-14,73.5,,,,,,,,,,,,,,,,,,,,,,,,,,,,,,,,,,,,,,,,,,,,,,,,,,,,,,,,,,,,,,,,,,,,,,,,,,,,,,,,
2020-12-15,74,,,,,,,,,,,,,,,,,,,,,,,,,,,,,,,,,,,,,,,,,,,,,,,,,,,,,,,,,,,,,,,,,,,,,,,,,,,,,,,40,4
2020-12-16,73.4,,,,,,,,,,,,,,,,,,,,,,,,,,,,,,,,,,,,,,,,,,,,,,,,,,,,,,,,,,,,,,,,,,,,,,,,,35,4,,,,,,
2020-12-17,73.4,,,,,,,,,,,,,,,,,,,,,,,,,,,,,,,,,,,,,,,,,,,,,,,,,,,,,,,,,,,,,,,,,,,,,,,,,35,4,,,,,,
2020-12-18,73.8,,,,,,,,,,,,,,,,,,,,,,,,,,,,,,,,,,,,,,,,,,,,,,,,,,,,,,,,,,,,,,,,,,,,,,,,,,,,,,,40,4
2020-12-19,73,,,,,,,,,,,,,,,,,,,,,,,,,,,,,,,,,,,,,,,,,,,,,,,,,,,,,,,,,,,,,,,,,,,,,,,,,,,,,,,,
2020-12-20,73.6,,,,,,,,,,,,,,,,,,,,,,,,,,,,,,,,,,,,,,,,,,,,,,,,,,,,,,,,,,,,,,,,,,,,,,,,,,,,,,,40,5
2020-12-21,73.1,,,,,,,,,,,,,,,,,,,,,,,,,,,,,,,,,,,,,,,,,,,,,,,,,,,,,,,,,,,,,,,,,,,,,,,,,35,4,,,,,,
2020-12-22,73.1,,,,,,,,,,,,,,,,,,,,,,,,,,,,,,,,,,,,,,,,,,,,,,,,,,,,,,,,,,,,,,,,,,,,,,,,,,,,,,,40,4
2020-12-23,73.5,,,,,,,,,,,,,,,,,,,,,,,,,,,,,,,,,,,,,,,,,,,,,,,,,,,,,,,,,,,,,,,,,,,,,,,,,35,4,,,,,,
2020-12-24,73.5,,,,,,,,,,,,,,,,,,,,,,,,,,,,,,,,,,,,,,,,,,,,,,,,,,,,,,,,,,,,,,,,,,,,,,,,,,,,,,,40,5
2020-12-25,73.6,,,,,,,,,,,,,,,,,,,,,,,,,,,,,,,,,,,,,,,,,,,,,,,,,,,,,,,,,,,,,,,,,,,,,,,,,,,,,,,,
2020-12-26,73.6,,,,,,,,,,,,,,,,,,,,,,,,,,,,,,,,,,,,,,,,,,,,,,,,,,,,,,,,,,,,,,,,,,,,,,,,,,,,,,,,
2020-12-27,73.8,,,,,,,,,,,,,,,,,,,,,,,,,,,,,,,,,,,,,,,,,,,,,,,,,,,,,,,,,,,,,,,,,,,,,,,,,35,4,,,,,,
2020-12-28,73.5,,,,,,,,,,,,,,,,,,,,,,,,,,,,,,,,,,,,,,,,,,,,,,,,,,,,,,,,,,,,,,,,,,,,,,,,,,,,,,,40,4
2020-12-29,74.3,,,,,,,,,,,,,,,,,,,,,,,,,,,,,,,,,,,,,,,,,,,,,,,,,,,,,,,,,,,,,,,,,,,,,,,,,,,,,,,,
2020-12-30,74.3,,,,,,,,,,,,,,,,,,,,,,,,,,,,,,,,,,,,,,,,,,,,,,,,,,,,,,,,,,,,,,,,,,,,,,,,,,,,,,,40,4
2020-12-31,73.7,,,,,,,,,,,,,,,,,,,,,,,,,,,,,,,,,,,,,,,,,,,,,,,,,,,,,,,,,,,,,,,,,,,,,,,,,35,4,,,,,,
2021-01-01,73.8,,,,,,,,,,,,,,,,,,,,,,,,,,,,,,,,,,,,,,,,,,,,,,,,,,,,,,,,,,,,,,,,,,,,,,,,,35,4,,,,,,
2021-01-02,74,,,,,,,,,,,,,,,,,,,,,,,,,,,,,,,,,,,,,,,,,,,,,,,,,,,,,,,,,,,,,,,,,,,,,,,,,35,4,,,,,,
2021-01-03,74.1,,,,,,,,,,,,,,,,,,,,,,,,,,,,,,,,,,,,,,,,,,,,,,,,,,,,,,,,,,,,,,,,,,,,,,,,,,,,,,,40,4
2021-01-04,73.9,,,,,,,,,,,,,,,,,,,,,,,,,,,,,,,,,,,,,,,,,,,,,,,,,,,,,,,,,,,,,,,,,,,,,,,,,,,,,,,,
2021-01-05,74.9,,,,,,,,,,,,,,,,,,,,,,,,,,,,,,,,,,,,,,,,,,,,,,,,,,,,,,,,,,,,,,,,,,,,,,,,,35,4,,,,,,
2021-01-06,74.2,,,,,,,,,,,,,,,,,,,,,,,,,,,,,,,,,,,,,,,,,,,,,,,,,,,,,,,,,,,,,,,,,,,,,,,,,,,,,,,40,4
2021-01-07,73.5,,,,,,,,,,,,,,,,,,,,,,,,,,,,,,,,,,,,,,,,,,,,,,,,,,,,,,,,,,,,,,,,,,,,,,,,,35,4,,,,,,
2021-01-08,74.1,,,,,,,,,,,,,,,,,,,,,,,,,,,,,,,,,,,,,,,,,,,,,,,,,,,,,,,,,,,,,,,,,,,,,,,,,,,,,,,40,4
2021-01-09,73.6,,,,,,,,,,,,,,,,,,,,,,,,,,,,,,,,,,,,,,,,,,,,,,,,,,,,,,,,,,,,,,,,,,,,,,,,,,,,,50,4,,
2021-01-10,73.7,,,,,,,,,,,,,,,,,,,,,,,,,,,,,,,,,,,,,,,,,,,,,,,,,,,,,,,,,,,,,,,,,,,,,,,,,,,,,,,40,4
2021-01-11,74.1,,,,,,,,,,,,,,,,,,,,,,,,,,,,,,,,,,,,,,,,,,,,,,,,,,,,,,,,,,,,,,,,,,,,,,,,,,,,,,,,
2021-01-12,,,,,,,,,,,,,,,,,,,,,,,,,,,,,,,,,,,,,,,,,,,,,,,,,,,,,,,,,,,,,,,,,,,,,,,,,,35,4,,,,,,
2021-01-13,73.7,,,,,,,,,,,,,,,,,,,,,,,,,,,,,,,,,,,,,,,,,,,,,,,,,,,,,,,,,,,,,,,,,,,,,,,,,,,,,,,40,5
2021-01-14,73.3,,,,,,,,,,,,,,,,,,,,,,,,,,,,,,,,,,,,,,,,,,,,,,,,,,,,,,,,,,,,,,,,,,,,,,,,,35,4,,,,,,
2021-01-15,73.3,,,,,,,,,,,,,,,,,,,,,,,,,,,,,,,,,,,,,,,,,,,,,,,,,,,,,,,,,,,,,,,,,,,,,,,,,,,,,,,40,4
2021-01-16,72.9,,,,,,,,,,,,,,,,,,,,,,,,,,,,,,,,,,,,,,,,,,,,,,,,,,,,,,,,,,,,,,,,,,,,,,,,,35,4,,,,,,
2021-01-17,73.5,,,,,,,,,,,,,,,,,,,,,,,,,,,,,,,,,,,,,,,,,,,,,,,,,,,,,,,,,,,,,,,,,,,,,,,,,,,,,,,40,5
2021-01-18,73.9,,,,,,,,,,,,,,,,,,,,,,,,,,,,,,,,,,,,,,,,,,,,,,,,,,,,,,,,,,,,,,,,,,,,,,,,,,,,,,,,
2021-01-19,74.4,,,,,,,,,,,,,,,,,,,,,,,,,,,,,,,,,,,,,,,,,,,,,,,,,,,,,,,,,,,,,,,,,,,,,,,,,35,4,,,,,,
2021-01-20,74.4,,,,,,,,,,,,,,,,,,,,,,,,,,,,,,,,,,,,,,,,,,,,,,,,,,,,,,,,,,,,,,,,,,,,,,,,,,,,,,,40,4
2021-01-21,74.4,,,,,,,,,,,,,,,,,,,,,,,,,,,,,,,,,,,,,,,,,,,,,,,,,,,,,,,,,,,,,,,,,,,,,,,,,35,4,,,,,,
2021-01-22,74,,,,,,,,,,,,,,,,,,,,,,,,,,,,,,,,,,,,,,,,,,,,,,,,,,,,,,,,,,,,,,,,,,,,,,,,,,,,,,,40,4
2021-01-23,72.9,,,,,,,,,,,,,,,,,,,,,,,,,,,,,,,,,,,,,,,,,,,,,,,,,,,,,,,,,,,,,,,,,,,,,,,,,35,4,,,,,,
2021-01-24,72.9,,,,,,,,,,,,,,,,,,,,,,,,,,,,,,,,,,,,,,,,,,,,,,,,,,,,,,,,,,,,,,,,,,,,,,,,,,,,,,,40,5
2021-01-25,73.2,,,,,,,,,,,,,,,,,,,,,,,,,,,,,,,,,,,,,,,,,,,,,,,,,,,,,,,,,,,,,,,,,,,,,,,,,,,,,,,,
2021-01-26,73.8,,,,,,,,,,,,,,,,,,,,,,,,,,,,,,,,,,,,,,,,,,,,,,,,,,,,,,,,,,,,,,,,,,,,,,,,,35,4,,,,,,
2021-01-27,73.8,,,,,,,,,,,,,,,,,,,,,,,,,,,,,,,,,,,,,,,,,,,,,,,,,,,,,,,,,,,,,,,,,,,,,,,,,,,,,,,,
2021-01-28,73,,,,,,,,,,,,,,,,,,,,,,,,,,,,,,,,,,,,,,,,,,,,,,,,,,,,,,,,,,,,,,,,,,,,,,,,,,,,,,,,
2021-01-29,73.5,,,,,,,,,,,,,,,,,,,,,,,,,,,,,,,,,,,,,,,,,,,,,,,,,,,,,,,,,,,,,,,,,,,,,,,,,,,,,,,40,4
2021-01-30,73.5,,,,,,,,,,,,,,,,,,,,,,,,,,,,,,,,,,,,,,,,,,,,,,,,,,,,,,,,,,,,,,,,,,,,,,,,,,,,,,,,
2021-01-31,74,,,,,,,,,,,,,,,,,,,,,,,,,,,,,,,,,,,,,,,,,,,,,,,,,,,,,,,,,,,,,,,,,,,,,,,,,,,,,,,40,5
2021-02-01,73.1,,,,,,,,,,,,,,,,,,,,,,,,,,,,,,,,,,,,,,,,,,,,,,,,,,,,,,,,,,,,,,,,,,,,,,,,,,,,,,,,
2021-02-02,73.7,,,,,,,,,,,,,,,,,,,,,,,,,,,,,,,,,,,,,,,,,,,,,,,,,,,,,,,,,,,,,,,,,,,,,,,,,35,4,,,,,,
2021-02-03,73.7,,,,,,,,,,,,,,,,,,,,,,,,,,,,,,,,,,,,,,,,,,,,,,,,,,,,,,,,,,,,,,,,,,,,,,,,,,,,,,,40,4
2021-02-04,73.7,,,,,,,,,,,,,,,,,,,,,,,,,,,,,,,,,,,,,,,,,,,,,,,,,,,,,,,,,,,,,,,,,,,,,,,,,,,,,,,,
2021-02-05,73.7,,,,,,,,,,,,,,,,,,,,,,,,,,,,,,,,,,,,,,,,,,,,,,,,,,,,,,,,,,,,,,,,,,,,,,,,,,,,,,,,
2021-02-06,73.3,,,,,,,,,,,,,,,,,,,,,,,,,,,,,,,,,,,,,,,,,,,,,,,,,,,,,,,,,,,,,,,,,,,,,,,,,,,,,50,4,,
2021-02-07,73.5,,,,,,,,,,,,,,,,,,,,,,,,,,,,,,,,,,,,,,,,,,,,,,,,,,,,,,,,,,,,,,,,,,,,,,,,,,,,,,,40,4
2021-02-08,73.5,,,,,,,,,,,,,,,,,,,,,,,,,,,,,,,,,,,,,,,,,,,,,,,,,,,,,,,,,,,,,,,,,,,,,,,,,35,4,,,,,,
2021-02-09,74.3,,,,,,,,,,,,,,,,,,,,,,,,,,,,,,,,,,,,,,,,,,,,,,,,,,,,,,,,,,,,,,,,,,,,,,,,,,,,,,,,
2021-02-10,74.7,,,,,,,,,,,,,,,,,,,,,,,,,,,,,,,,,,,,,,,,,,,,,,,,,,,,,,,,,,,,,,,,,,,,,,,,,,,,,,,40,4
2021-02-11,73.6,,,,,,,,,,,,,,,,,,,,,,,,,,,,,,,,,,,,,,,,,,,,,,,,,,,,,,,,,,,,,,,,,,,,,,,,,,,,,,,40,4
2021-02-12,73.6,,,,,,,,,,,,,,,,,,,,,,,,,,,,,,,,,,,,,,,,,,,,,,,,,,,,,,,,,,,,,,,,,,,,,,,,,,,,,,,40,4
2021-02-13,73.6,,,,,,,,,,,,,,,,,,,,,,,,,,,,,,,,,,,,,,,,,,,,,,,,,,,,,,,,,,,,,,,,,,,,,,,,,35,4,,,,,,
2021-02-14,73.2,,,,,,,,,,,,,,,,,,,,,,,,,,,,,,,,,,,,,,,,,,,,,,,,,,,,,,,,,,,,,,,,,,,,,,,,,,,,,,,40,4
2021-02-15,73.7,,,,,,,,,,,,,,,,,,,,,,,,,,,,,,,,,,,,,,,,,,,,,,,,,,,,,,,,,,,,,,,,,,,,,,,,,,,,,,,,
2021-02-16,74.5,,,,,,,,,,,,,,,,,,,,,,,,,,,,,,,,,,,,,,,,,,,,,,,,,,,,,,,,,,,,,,,,,,,,,,,,,,,,,,,,
2021-02-17,74.5,,,,,,,,,,,,,,,,,,,,,,,,,,,,,,,,,,,,,,,,,,,,,,,,,,,,,,,,,,,,,,,,,,,,,,,,,,,,,,,40,4
2021-02-18,73.6,,,,,,,,,,,,,,,,,,,,,,,,,,,,,,,,,,,,,,,,,,,,,,,,,,,,,,,,,,,,,,,,,,,,,,,,,,,,,,,40,4
2021-02-19,73.2,,,,,,,,,,,,,,,,,,,,,,,,,,,,,,,,,,,,,,,,,,,,,,,,,,,,,,,,,,,,,,,,,,,,,,,,,,,,,,,40,4
2021-02-20,73.6,,,,,,,,,,,,,,,,,,,,,,,,,,,,,,,,,,,,,,,,,,,,,,,,,,,,,,,,,,,,,,,,,,,,,,,,,35,4,,,,,,
2021-02-21,73.5,,,,,,,,,,,,,,,,,,,,,,,,,,,,,,,,,,,,,,,,,,,,,,,,,,,,,,,,,,,,,,,,,,,,,,,,,,,,,,,40,5
2021-02-22,74,,,,,,,,,,,,,,,,,,,,,,,,,,,,,,,,,,,,,,,,,,,,,,,,,,,,,,,,,,,,,,,,,,,,,,,,,,,,,,,,
2021-02-23,74.7,,,,,,,,,,,,,,,,,,,,,,,,,,,,,,,,,,,,,,,,,,,,,,,,,,,,,,,,,,,,,,,,,,,,,,,,,,,,,60,4,,
2021-02-24,73.3,,,,,,,,,,,,,,,,,,,,,,,,,,,,,,,,,,,,,,,,,,,,,,,,,,,,,,,,,,,,,,,,,,,,,,,,,,,,,,,40,5
2021-02-25,73.3,,,,,,,,,,,,,,,,,,,,,,,,,,,,,,,,,,,,,,,,,,,,,,,,,,,,,,,,,,,,,,,,,,,,,,,,,35,4,,,,,,
2021-02-26,74.6,,,,,,,,,,,,,,,,,,,,,,,,,,,,,,,,,,,,,,,,,,,,,,,,,,,,,,,,,,,,,,,,,,,,,,,,,,,,,,,45,4
2021-02-27,74,,,,,,,,,,,,,,,,,,,,,,,,,,,,,,,,,,,,,,,,,,,,,,,,,,,,,,,,,,,,,,,,,,,,,,,,,,,,,,,25,4
2021-02-28,74.4,,,,,,,,,,,,,,,,,,,,,,,,,,,,,,,,,,,,,,,,,,,,,,,,,,,,,,,,,,,,,,,,,,,,,,,,,,,,,90,4,,
2021-03-01,73.9,,,,,,,,,,,,,,,,,,,,,,,,,,,,,,,,,,,,,,,,,,,,,,,,,,,,,,,,,,,,,,,,,,,,,,,,,,,,,,,,
2021-03-02,74.9,,,,,,,,,,,,,,,,,,,,,,,,,,,,,,,,,,,,,,,,,,,,,,,,,,,,,,,,,,,,,,,,,,,,,,,,,,,,,60,4,30,4
2021-03-03,72.8,,,,,,,,,,,,,,,,,,,,,,,,,,,,,,,,,,,,,,,,,,,,,,,,,,,,,,,,,,,,,,,,,,,,,,,,,,,,,,,40,4
2021-03-04,73.1,,,,,,,,,,,,,,,,,,,,,,,,,,,,,,,,,,,,,,,,,,,,,,,,,,,,,,,,,,,,,,,,,,,,,,,,,,,,,,,,
2021-03-05,73.9,,,,,,,,,,,,,,,,,,,,,,,,,,,,,,,,,,,,,,,,,,,,,,,,,,,,,,,,,,,,,,,,,,,,,,,,,,,,,,,40,4
2021-03-06,73.9,,,,,,,,,,,,,,,,,,,,,,,,,,,,,,,,,,,,,,,,,,,,,,,,,,,,,,,,,,,,,,,,,,,,,,,,,,,,,,,,
2021-03-07,73.9,,,,,,,,,,,,,,,,,,,,,,,,,,,,,,,,,,,,,,,,,,,,,,,,,,,,,,,,,,,,,,,,,,,,,,,,,,,,,60,4,,
2021-03-08,73.9,,,,,,,,,,,,,,,,,,,,,,,,,,,,,,,,,,,,,,,,,,,,,,,,,,,,,,,,,,,,,,,,,,,,,,,,,,,,,,,40,4
2021-03-09,74.3,,,,,,,,,,,,,,,,,,,,,,,,,,,,,,,,,,,,,,,,,,,,,,,,,,,,,,,,,,,,,,,,,,,,,,,,,,,,,60,4,,
2021-03-10,73.3,,,,,,,,,,,,,,,,,,,,,,,,,,,,,,,,,,,,,,,,,,,,,,,,,,,,,,,,,,,,,,,,,,,,,,,,,,,,,,,45,4
2021-03-11,73.7,,,,,,,,,,,,,,,,,,,,,,,,,,,,,,,,,,,,,,,,,,,,,,,,,,,,,,,,,,,,,,,,,,,,,,,,,,,,,60,4,,
2021-03-12,73.3,,,,,,,,,,,,,,,,,,,,,,,,,,,,,,,,,,,,,,,,,,,,,,,,,,,,,,,,,,,,,,,,,,,,,,,,,,,,,,,,
2021-03-13,73.3,,,,,,,,,,,,,,,,,,,,,,,,,,,,,,,,,,,,,,,,,,,,,,,,,,,,,,,,,,,,,,,,,,,,,,,,,,,,,,,40,5
2021-03-14,73.3,,,,,,,,,,,,,,,,,,,,,,,,,,,,,,,,,,,,,,,,,,,,,,,,,,,,,,,,,,,,,,,,,,,,,,,,,,,,,90,4,,
2021-03-15,73.7,,,,,,,,,,,,,,,,,,,,,,,,,,,,,,,,,,,,,,,,,,,,,,,,,,,,,,,,,,,,,,,,,,,,,,,,,,,,,60,4,,
2021-03-16,73.7,,,,,,,,,,,,,,,,,,,,,,,,,,,,,,,,,,,,,,,,,,,,,,,,,,,,,,,,,,,,,,,,,,,,,,,,,,,,,,,,
2021-03-17,73.1,,,,,,,,,,,,,,,,,,,,,,,,,,,,,,,,,,,,,,,,,,,,,,,,,,,,,,,,,,,,,,,,,,,,,,,,,,,,,,,,
2021-03-18,73.8,,,,,,,,,,,,,,,,,,,,,,,,,,,,,,,,,,,,,,,,,,,,,,,,,,,,,,,,,,,,,,,,,,,,,,,,,,,,,45,4,,
2021-03-19,73.3,,,,,,,,,,,,,,,,,,,,,,,,,,,,,,,,,,,,,,,,,,,,,,,,,,,,,,,,,,,,,,,,,,,,,,,,,,,,,,,40,4
2021-03-20,73.3,,,,,,,,,,,,,,,,,,,,,,,,,,,,,,,,,,,,,,,,,,,,,,,,,,,,,,,,,,,,,,,,,,,,,,,,,,,,,90,4,,
2021-03-21,73.3,,,,,,,,,,,,,,,,,,,,,,,,,,,,,,,,,,,,,,,,,,,,,,,,,,,,,,,,,,,,,,,,,,,,,,,,,,,,,,,,
2021-03-22,74.8,,,,,,,,,,,,,,,,,,,,,,,,,,,,,,,,,,,,,,,,,,,,,,,,,,,,,,,,,,,,,,,,,,,,,,,,,,,,,80,4,,
2021-03-23,73.5,,,,,,,,,,,,,,,,,,,,,,,,,,,,,,,,,,,,,,,,,,,,,,,,,,,,,,,,,,,,,,,,,,,,,,,,,,,,,,,40,4
2021-03-24,73.5,,,,,,,6,1,,,,,,,,,,,,,,,,,,,,,,,,,,,,,,,,,45,4,,,,,,,,,,,,,,,,,,,,,,,,,,,,,45,4,,,,,,,,
2021-03-25,72.1,,,,,,,,,,,,,,,,,,,,,,,,,,,,,,,,,,,,,,,,,,,,,,,,,,,,,,,,,,,,,,,,,,,,,,,,,,,,,,,,
2021-03-26,73.6,,,,,,,,,,,,,,,,,,,,,,,,,,,,,,,,,,,,,,,,,,,,,,,,,,,,,,,,,,,,,,,,,,,,,,,,,,,,,,,40,4
2021-03-27,73.2,,,,,,,,,,,,,3,0,,,,,,,,,,,,,,,,,,,,,,,,,,,,,,,,,30,5,,,,,,,,,,,,,,,,,,,,,,,,,,,,,60,4,,
2021-03-28,73.2,,,,,,,,,,,,,,,,,,,,,,,,,,,,,,,,,,,,,,,,,,,,,,,,,,,,,,,,,,,,,,,,,,,,,,,,,,,,,,,40,4
2021-03-29,73.8,,,,,,,6,4,,,,,,,,,,,,,,,,,,,,,,,,,,,,,,,,,45,5,,,,,,,,,,,,,,,,,,,,,,,,,,,,,45,4,,,,,,,,
2021-03-30,72.4,,,,,,,,,,,,,,,,,,,,,,,,,,,,,,,,,,,,,,,,,,,,,,,,,,,,,,,,,,,,,,,,,,,,,,,,,,,,,,,,
2021-03-31,73,,,,,,,,,,,,,,,,,,,,,,,,,,,,,,,,,,,,,,,,,,,,,,,,,,,,,,,,,,,,,,,,,,,,,,,,,,,,,,,40,4
2021-04-01,73,,,,,,,,,,,,,,,,,,,,,,,,,,,,,,,,,,,,,,,,,,,,,,,,,,,,,,,,,,,,,,,,,,,,,,,,,,,,,,,45,5
2021-04-02,72.6,,,,,,,,,,,,,,,,,,,,,,,,,,,,,,,,,,,,,,,,,,,,,,,,,,,,,,,,,,,,,,,,,,,,,,,45,4,,,,,,,,
2021-04-03,72.9,,,,,,,,,,,,,2,1,,,,,,,,,,,,,,,,,,,,,,,,,,,,,,,,,20,5,,,,,,,,,,,,,,,,,,,,,,,,,,,,,70,4,,
2021-04-04,72.9,,,,,,,,,,,,,,,,,,,,,,,,,,,,,,,,,,,,,,,,,,,,,,,,,,,,,,,,,,,,,,,,,,,,,,,,,,,,,,,,
2021-04-05,73.6,,,,,,,,,,,,,,,,,,,,,,,,,,,,,,,,,,,,,,,,,,,,,,,,,,,,,,,,,,,,,,,,,,,,,,,,,,,,,,,40,4
2021-04-06,74,,,,,,,,,,,,,,,,,,,,,,,,,,,,,,,,,,,,,,,,,,,,,,,,,,,,,,,,,,,,,,,,,,,,,,,45,4,,,,,,,,
2021-04-07,73.1,,,,,,,7,7,,,,,,,,,,,,,,,,,,,,,,,,,,,,,,,,,45,4,,,,,,,,,,,,,,,,,,,,,,,,,,,,,,,,,,,,,,
2021-04-08,72.3,,,,,,,,,,,,,,,,,,,,,,,,,,,,,,,,,,,,,,,,,,,,,,,,,,,,,,,,,,,,,,,,,,,,,,,,,,,,,,,,
2021-04-09,73.4,,,,,,,3,2,4,3,,,,,,,,,,,,,,,,,,,,,,,,,,,,,,,20,5,30,5,,,,,,,,,,,,,,,,,,,,,,,,,,,,,,,,,20,4,,
2021-04-10,73.8,3,2,3,3,,,,,,,,,,,,,,,,,,,,,,,,,,,,,,,30,5,30,5,,,,,,,,,,,,,,,,,,,,,,,,,,,,,,,,,,,,,,,45,4,,
2021-04-11,72.8,,,,,,,,,,,,,,,,,,,,,,,,,,,,,,,,,,,,,,,,,,,,,,,,,,,,,,,,,,,,,,,,,,,,,,,,,,,,,,,40,5
2021-04-12,73.3,,,,,,,,,,,,,,,,,,,,,,,,,,,,,,,,,,,,,,,,,,,,,,,,,,,,,,,,,,,,,,,,,,,,,,,,,,,,,,,,
2021-04-13,74.2,,,,,,,2,2,3,3,,,,,,,,,,,,,,,,,,,,,,,,,,,,,,,15,4,30,5,,,,,,,,,,,,,,,,,,,,,,,,,,,,,,,,,60,4,,
2021-04-14,72.8,,,,,,,,,5,3,,,,,,,,,,,,,,,,,,,,,,,,,,,,,,,,,45,5,,,,,,,,,,,,,,,,,,,,,,,,,,,45,4,,,,,,,,
2021-04-15,72.2,,,,,,,,,,,,,,,,,,,,,,,,,,,,,,,,,,,,,,,,,,,,,,,,,,,,,,,,,,,,,,,,,,,,,,,,,,,,,,,45,4
2021-04-16,72.8,,,,,,,,,,,,,,,,,,,,,,,,,,,,,,,,,,,,,,,,,,,,,,,,,,,,,,,,,,,,,,,,,,,,,,,45,4,,,,,45,4,,
2021-04-17,73.2,,,,,,,,,5,3,,,,,,,,,,,,,,,3,0,,,,,,,,,,,,,,,,,45,5,,,,,,,,,,,,,,,20,5,,,,,,,,,,,,,,,,,45,4,,
2021-04-18,72.4,,,,,,,,,,,,,,,,,,,,,,,,,,,,,,,,,,,,,,,,,,,,,,,,,,,,,,,,,,,,,,,,,,,,,,,,,,,,,,,40,4
2021-04-19,73.2,,,,,,,,,,,,,,,3,0,,,,,,,3,0,,,,,,,,,,,,,,,,,,,,,,,,,25,5,,,,,,,20,5,,,,,,,,,,,,,,,,,,,,,,
2021-04-20,72.8,,,,,,,,,,,,,,,,,,,,,,,,,,,,,,,,,,,,,,,,,,,,,,,,,,,,,,,,,,,,,,,,,,,,,,,,,,,,,,,,
2021-04-21,73.4,,,,,,,3,2,3,3,,,,,,,,,,,,,,,,,,,,,,,,,,,,,,,20,5,25,5,,,,,,,,,,,,,,,,,,,,,,,,,,,,,,,,,,,,
2021-04-22,72.5,,,,,,,,,,,,,,,5,3,,,,,,,,,,,,,,,,,,,,,,,,,,,,,,,,,45,5,,,,,,,,,,,,,,,,,,,,,45,4,,,,,,,,
2021-04-23,72.2,,,,,,,,,3,1,,,,,,,,,,,,,,,,,,,,,,,,,,,,,,,,,45,5,,,,,,,,,,,,,,,,,,,,,,,,,,,45,4,,,,,,,,
2021-04-24,72.2,,,,,,,,,,,,,,,,,,,,,,,,,,,,,,,,,,,,,,,,,,,,,,,,,,,,,,,,,,,,,,,,,,,,,,,,,,,,,,,,
2021-04-25,73.1,,,,,,,,,,,,,,,,,,,,,,,,,,,,,,,,,,,,,,,,,,,,,,,,,,,,,,,,,,,,,,,,,,,,,,,,,,,,,,,30,4
2021-04-26,73.1,,,,,,,,,,,,,,,,,,,,,,,,,4,1,,,,,,,,,,,,,,,,,,,,,,,,,,,,,,,,,45,5,,,,,,,,,,,,,,,,,,,,
2021-04-27,72.1,,,,,,,,,,,,,,,,,,,,,,,,,,,,,,,,,,,,,,,,,,,,,,,,,,,,,,,,,,,,,,,,,,,,,,,,,,,,,,,,